id,category,question_text,option_a,option_b,option_c,option_d,correct_answer,explanation
1,Philosophy & History of Technical Analysis,Analisis teknikal adalah metode analisis yang bertujuan untuk:,Menilai kinerja manajemen,Memprediksi harga berdasarkan laporan keuangan,Memprediksi pergerakan harga berdasarkan data pasar,Menentukan nilai intrinsik saham,C,"Analisis teknikal adalah metode analisis yang bertujuan untuk memprediksi pergerakan harga di masa depan berdasarkan data pasar yang telah terjadi, seperti harga historis, volume perdagangan, dan pola grafik, dengan asumsi bahwa semua informasi sudah tercermin dalam harga dan perilaku pasar cenderung berulang."
2,Philosophy & History of Technical Analysis,Data utama yang digunakan dalam analisis teknikal adalah:,EPS dan ROE,"Harga, volume, dan waktu",Neraca dan arus kas,Suku bunga dan inflasi,B,"Data utama yang digunakan dalam analisis teknikal adalah harga, volume, dan waktu karena analisis ini memfokuskan diri pada studi pola pergerakan harga historis, volume perdagangan, serta faktor waktu pada chart untuk memprediksi arah harga di masa depan dengan asumsi bahwa semua informasi sudah tercermin dalam harga pasar."
3,Philosophy & History of Technical Analysis,"Prinsip ""price discounts everything"" berarti:",Harga selalu benar,Harga mencerminkan semua informasi pasar,Harga selalu naik,Harga hanya dipengaruhi emosi,B,"Prinsip ""price discounts everything"" berarti bahwa harga pasar saat ini sudah mencerminkan dan menggabungkan semua informasi yang tersedia, baik informasi fundamental, ekonomi, politik, maupun berita publik, sehingga analis teknikal tidak perlu lagi menganalisis faktor-faktor eksternal tersebut secara terpisah melainkan cukup mempelajari perilaku harga itu sendiri."
4,Philosophy & History of Technical Analysis,Analisis teknikal paling efektif digunakan pada pasar yang:,Tidak likuid,Sangat dikontrol,Likuid dan transparan,Tidak memiliki volume,C,"Analisis teknikal paling efektif digunakan pada pasar yang likuid dan transparan karena di pasar seperti itu harga terbentuk secara alami melalui partisipasi banyak pelaku pasar, volume perdagangan tinggi, dan transparansi informasi yang baik, sehingga pola harga, tren, serta level support dan resistance menjadi lebih reliable dan dapat diandalkan untuk memprediksi pergerakan harga di masa depan."
5,Dow Theory & Market Cycles,Dow Theory menyatakan bahwa pasar bergerak dalam:,2 jenis tren,3 jenis tren,4 jenis tren,5 jenis tren,B,"Dow Theory menyatakan bahwa pasar bergerak dalam 3 jenis tren, yaitu tren primer (utama/jangka panjang), tren sekunder (menengah/koreksi), dan tren minor (jangka pendek/harian), di mana tren primer merupakan arah utama pasar yang paling penting, sementara tren sekunder dan minor berfungsi sebagai gelombang koreksi atau fluktuasi di dalam tren yang lebih besar."
6,Dow Theory & Market Cycles,Tren utama menurut Dow Theory berlangsung:,Harian,Mingguan,Bulanan hingga tahunan,Intraday,C,"Tren utama (primary trend) menurut Dow Theory berlangsung dari bulanan hingga tahunan karena ia merupakan tren besar dan paling penting yang mencerminkan arah pasar secara keseluruhan, di mana tren ini biasanya bertahan antara beberapa bulan sampai beberapa tahun, sementara tren sekunder dan minor hanya berfungsi sebagai koreksi di dalam tren utama tersebut."
7,Dow Theory & Market Cycles,Tren bullish ditandai oleh:,Lower High - Lower Low,Higher High - Higher Low,Equal High - Equal Low,Sideways,B,"Tren bullish ditandai oleh pola Higher High - Higher Low karena dalam tren naik ini, harga secara konsisten membentuk puncak-puncak yang semakin tinggi (higher highs) dan lembah-lembah yang juga semakin tinggi (higher lows), menunjukkan kekuatan pembeli yang terus mendominasi pasar dan mendorong harga ke arah yang lebih tinggi secara keseluruhan."
8,Dow Theory & Market Cycles,Tren dianggap valid sampai:,Volume turun,Terjadi koreksi kecil,Ada sinyal pembalikan jelas,Harga stagnan,C,"Tren dianggap valid sampai ada sinyal pembalikan yang jelas karena menurut Dow Theory, suatu tren (baik naik maupun turun) tetap berlaku dan harus diikuti selama belum terkonfirmasi adanya perubahan arah tren yang jelas, seperti terbentuknya higher high-lower low pada tren naik atau lower high-lower low pada tren turun."
9,Dow Theory & Market Cycles,Higher Low menunjukkan indikasi:,Pelemahan tren,Konsolidasi,Penguatan tren naik,Reversal bearish,C,"Higher Low menunjukkan indikasi penguatan tren naik karena pola ini mencerminkan bahwa harga membentuk level terendah yang semakin tinggi, menandakan bahwa pembeli semakin kuat dan agresif, sehingga mendukung kelanjutan tren bullish dengan momentum yang semakin solid."
10,Dow Theory & Market Cycles,Sideways market biasanya ditandai oleh:,Breakout kuat,Range support dan resistance,Higher High terus-menerus,Lower Low berkelanjutan,B,"Sideways market biasanya ditandai oleh range support dan resistance karena harga bergerak secara horizontal dalam rentang terbatas, berulang kali memantul di level support (bawah) dan resistance (atas) tanpa membentuk higher high-higher low atau lower high-lower low yang jelas, mencerminkan kondisi pasar yang sedang konsolidasi atau tidak memiliki tren yang kuat."
11,Support & Resistance,Support adalah area harga di mana:,Tekanan jual dominan,Tekanan beli meningkat,Harga selalu turun,Volume rendah,B,"Support adalah area harga di mana tekanan beli meningkat karena banyak pembeli yang masuk pasar ketika harga turun ke level tersebut, sehingga menciptakan kekuatan yang cukup untuk menghentikan penurunan harga dan berpotensi membalikkan arah menjadi naik."
12,Support & Resistance,Resistance terjadi karena:,Banyak pembeli menahan harga,Banyak penjual melepas aset,Harga terlalu murah,Volume terlalu kecil,B,"Resistance terjadi karena banyak penjual melepas aset di area harga tersebut, sehingga menciptakan tekanan jual yang kuat yang mampu menghentikan kenaikan harga dan berpotensi membalikkan arah tren menjadi turun."
13,Support & Resistance,Resistance yang ditembus kuat berpotensi menjadi:,Resistance baru,Support baru,Area netral,Fake level,B,"Resistance yang ditembus kuat berpotensi menjadi support baru karena setelah harga berhasil breakout ke atas dengan volume dan momentum yang kuat, level resistance tersebut sering kali berubah fungsi menjadi support di mana harga cenderung menguji kembali level itu sebagai area beli baru, sesuai dengan konsep role reversal dalam analisis teknikal."
14,Candlestick Patterns,Candlestick mencerminkan:,Fundamental perusahaan,Psikologi pelaku pasar,Nilai buku saham,Laporan keuangan,B,"Candlestick mencerminkan psikologi pelaku pasar karena setiap candlestick menggambarkan perjuangan antara pembeli dan penjual dalam suatu periode waktu melalui harga Open, High, Low, dan Close, sehingga pola-pola candlestick merepresentasikan emosi, kekuatan, dan sentimen pasar seperti greed, fear, keraguan, atau dominasi satu pihak."
15,Candlestick Patterns,Pola Hammer valid jika muncul di:,Puncak uptrend,Tengah sideways,Dasar downtrend,Resistance,C,"Pola Hammer valid jika muncul di dasar downtrend karena pola ini merupakan sinyal pembalikan bullish yang kuat, di mana harga sempat turun tajam (long lower shadow) namun ditutup di dekat level pembukaan oleh kekuatan pembeli, menandakan bahwa tekanan jual mulai melemah dan potensi tren naik akan segera terjadi."
16,Chart Patterns,Pola Head and Shoulders merupakan pola:,Continuation,Reversal bearish,Reversal bullish,Sideways,B,Pola Head and Shoulders (tanpa keterangan tambahan) umumnya merujuk pada versi top yang terbentuk setelah tren naik dan menandakan pembalikan ke tren turun (bearish reversal).
17,Technical Indicators,Relative Strength Index bergerak dalam rentang:,0-50,0-100,-100-100,20-80,B,"Indikator RSI (Relative Strength Index) dirancang untuk berosilasi dalam rentang 0 hingga 100, dengan level jenuh beli (overbought) umumnya di atas 70 dan jenuh jual (oversold) di bawah 30."
18,Technical Indicators,RSI di bawah 30 menunjukkan kondisi:,Overbought,Oversold,Netral,Breakout,B,"Dalam analisis teknikal, RSI di bawah 30 mengindikasikan bahwa aset telah mengalami penurunan harga yang berlebihan sehingga dianggap jenuh jual (oversold), berpotensi mengalami pembalikan naik."
19,Technical Indicators,Moving Average digunakan untuk:,Mengukur volume,Menghaluskan pergerakan harga,Menentukan EPS,Menentukan volatilitas saja,B,"Moving Average digunakan untuk menghaluskan pergerakan harga dan mengidentifikasi arah tren karena dengan merata-rata data harga dalam periode tertentu, indikator ini mengurangi fluktuasi acak sehingga memudahkan analis melihat apakah tren sedang naik, turun, atau sideways."
20,Technical Indicators,Golden Cross terjadi saat:,MA pendek memotong MA panjang ke bawah,MA panjang memotong MA pendek ke atas,MA pendek memotong MA panjang ke atas,Harga memotong volume,C,"Golden Cross terjadi saat rata-rata pergerakan jangka pendek (misalnya MA 50) memotong ke atas rata-rata pergerakan jangka panjang (misalnya MA 200), yang umumnya dianggap sebagai sinyal awal tren naik (bullish) setelah periode tren turun."
21,Volume Analysis,Fungsi utama volume adalah untuk:,Menentukan nilai wajar,Konfirmasi pergerakan harga,Prediksi fundamental,Menentukan support,B,"Dalam analisis teknikal, volume berfungsi sebagai alat konfirmasi untuk menilai kekuatan atau kelemahan suatu tren pergerakan harga, misalnya kenaikan harga yang disertai volume besar dianggap lebih valid dibandingkan tanpa volume."
22,Volume Analysis,Breakout yang valid biasanya disertai:,Volume kecil,Volume meningkat,Volume stagnan,Tanpa volume,B,"Dalam analisis teknikal, breakout yang valid dan meyakinkan biasanya disertai dengan lonjakan volume sebagai konfirmasi bahwa pergerakan harga didukung oleh partisipasi pasar yang kuat."
23,Risk & Money Management,Stop loss bertujuan untuk:,Mengunci keuntungan,Membatasi risiko kerugian,Menambah posisi,Menghindari pajak,B,"Stop loss merupakan perintah otomatis untuk menutup posisi saat harga mencapai level tertentu, sehingga trader dapat mengendalikan kerugian maksimal yang bersedia ditanggung tanpa harus terus memantau pasar."
24,Risk & Money Management,Risk : Reward yang sehat minimal:,1:1,2:2,1:2,2:1,C,"Rasio risk-reward minimal yang sehat dalam trading umumnya adalah 1:2, artinya potensi keuntungan dua kali lipat dari risiko kerugian untuk memastikan profitabilitas jangka panjang meskipun tingkat kemenangan tidak tinggi."
25,Risk & Money Management,Position sizing digunakan untuk:,Maksimalkan profit,Batasi kerugian per transaksi,Menentukan tren,Menentukan indikator,B,"Position sizing adalah metode manajemen risiko yang menentukan besarnya modal yang ditempatkan pada satu posisi transaksi untuk membatasi kerugian maksimal per perdagangan, bukan untuk memaksimalkan profit, menentukan tren, atau indikator."
26,Philosophy & History of Technical Analysis,Overtrading umumnya disebabkan oleh:,Disiplin,Kesabaran,Emosi,Sistem yang baik,C,"Overtrading umumnya dipicu oleh faktor psikologis seperti keserakahan, ketidak sabaran, atau keinginan membalas kerugian (revenge trading), bukan oleh disiplin, kesabaran, atau sistem yang baik."
27,Philosophy & History of Technical Analysis,FOMO berarti:,Takut rugi,Takut ketinggalan peluang,Takut salah,Takut loss besar,B,"FOMO (Fear Of Missing Out) adalah istilah psikologis dalam trading di mana seseorang terburu-buru membuka posisi karena khawatir kehilangan potensi keuntungan, sering kali mengabaikan rencana dan analisis."
28,Technical Indicators,Analisis multi-timeframe bertujuan untuk:,Memperbanyak sinyal,Menghindari risiko,Menyelaraskan tren besar dan kecil,Menghilangkan indikator,C,"Analisis multi-timeframe memungkinkan trader untuk melihat tren utama pada timeframe yang lebih panjang (sebagai konteks) dan sinyal entry pada timeframe yang lebih pendek (sebagai eksekusi), sehingga keputusan trading selaras dengan arah dominan pasar."
29,Technical Indicators,Entry searah tren utama disebut:,Counter trend,Trend following,Mean reversion,Scalping,B,"Strategi ini berarti membuka posisi searah dengan tren utama (misalnya membeli saat uptrend atau menjual saat downtrend), berbeda dengan counter trend, mean reversion, atau scalping yang tidak selalu searah tren utama."
30,Technical Indicators,Indikator sebaiknya digunakan sebagai:,Satu-satunya acuan,Pengganti price action,Alat bantu konfirmasi,Penentu pasti arah harga,C,"Indikator teknikal tidak boleh diandalkan sebagai satu-satunya acuan atau penentu pasti arah harga, melainkan berfungsi untuk mengonfirmasi sinyal yang sudah terlihat dari price action atau struktur pasar."
31,Volume Analysis,Harga naik tetapi volume menurun mengindikasikan:,Tren sangat kuat,Konfirmasi bullish,Potensi pelemahan tren,Breakout valid,C,"Dalam analisis teknikal, kenaikan harga yang tidak didukung oleh volume yang meningkat menunjukkan kurangnya minat beli yang kuat, sehingga tren naik tersebut dianggap lemah dan berpotensi segera berbalik atau konsolidasi."
32,Volume Analysis,Divergence bullish terjadi saat:,Harga naik - indikator naik,Harga naik - indikator turun,Harga turun - indikator naik,Harga dan indikator sama,C,"Divergensi bullish terjadi ketika harga membentuk titik terendah yang lebih rendah (lower low) tetapi indikator membentuk titik terendah yang lebih tinggi (higher low), mengindikasikan pelemahan momentum turun dan potensi pembalikan naik."
33,Volume Analysis,False breakout sering terjadi saat:,Volume besar,Volume kecil,Tren kuat,Konfirmasi lengkap,B,"False breakout (breakout palsu) sering terjadi ketika volume tidak meningkat atau cenderung kecil, yang menunjukkan kurangnya partisipasi dan keyakinan pasar sehingga harga gagal bertahan di level breakout."
34,Risk & Money Management,Seorang RTA seharusnya memberikan rekomendasi berdasarkan:,Analisis objektif dan terukur,Rumor pasar,Opini pribadi,Emosi pasar,A,"Seorang Regular Technical Analyst (RTA) wajib memberikan rekomendasi berdasarkan data harga, volume, dan indikator teknikal yang dapat diuji dan direplikasi, bukan berdasarkan rumor, opini pribadi, atau emosi pasar."
35,Risk & Money Management,Kompetensi utama RTA adalah:,Menjamin profit,Menganalisis probabilitas pasar,Memprediksi harga pasti,Menghindari kerugian total,B,"Kompetensi utama seorang Regular Technical Analyst (RTA) bukanlah menjamin profit atau memprediksi harga secara pasti, melainkan menggunakan alat analisis teknikal untuk mengidentifikasi skenario dengan probabilitas tinggi serta mengelola risiko."
36,Risk & Money Management,Analisis teknikal paling efektif jika dikombinasikan dengan:,Spekulasi,Emosi,Manajemen risiko,Rumor,C,"Analisis teknikal sehebat apa pun tetap membutuhkan manajemen risiko (stop loss, position sizing, rasio risk:reward) untuk mengantisipasi ketidakpastian pasar dan melindungi modal, sementara spekulasi, emosi, atau rumor justru cenderung merusak objektivitas analisis."
37,Dow Theory & Market Cycles,Time frame besar digunakan untuk:,Entry cepat,Noise,Scalping,Menentukan tren utama,D,"Time frame yang lebih besar (harian, mingguan, bulanan) digunakan untuk mengidentifikasi arah tren dominan, sedangkan time frame kecil lebih cocok untuk entry cepat atau scalping."
38,Risk & Money Management,Cut loss idealnya dilakukan:,Saat profit,Saat target tercapai,Sesuai rencana trading,Saat panik,C,"Cut loss yang ideal tidak dilakukan berdasarkan emosi seperti panik atau saat profit, melainkan dieksekusi sesuai level stop loss yang telah ditentukan dalam rencana trading untuk membatasi kerugian secara disiplin."
39,Risk & Money Management,Trading plan berfungsi untuk:,Membatasi peluang,Panduan disiplin trading,Menghilangkan risiko,Menjamin profit,B,"Trading plan berfungsi sebagai kerangka aturan yang membantu trader tetap disiplin dalam mengambil keputusan, mengelola risiko, dan menghindari tindakan impulsif, meskipun tidak dapat menghilangkan risiko atau menjamin profit."
40,Risk & Money Management,Tujuan utama sertifikasi RTA LSPPM adalah:,Menstandarkan kompetensi analis teknikal,Menjamin profit,Mencetak trader kaya,Menghilangkan risiko pasar,A,"Sertifikasi RTA (Regular Technical Analyst) yang dikeluarkan oleh Lembaga Sertifikasi Profesi Pasar Modal (LSPPM) secara khusus dirancang untuk memastikan dan mengakui kompetensi profesional di bidang analisis teknikal sesuai standar nasional, guna menghasilkan tenaga kerja yang kredibel dan kompeten di pasar modal."
41,Dow Theory & Market Cycles,Dow Theory dikembangkan oleh:,Ralph Nelson Elliott,Charles H. Dow,John Bollinger,W.Gann,B,"Dow Theory merupakan teori analisis teknikal yang dikemukakan oleh Charles H. Dow, pendiri Wall Street Journal, yang menjadi dasar bagi analisis tren pasar modal."
42,Dow Theory & Market Cycles,Dow Theory merupakan dasar dari:,Analisis fundamental,Analisis teknikal modern,Manajemen risiko,Psikologi trading,B,"Dow Theory yang dikemukakan oleh Charles H. Dow merupakan fondasi utama dari analisis teknikal modern dengan konsep tren, konfirmasi indeks, dan volume sebagai penguat."
43,Dow Theory & Market Cycles,"Menurut Dow Theory, harga pasar mencerminkan:",Informasi teknikal saja,Informasi fundamental saja,Semua informasi yang tersedia,Informasi internal perusahaan,C,"Menurut Dow Theory, prinsip pertama menyatakan bahwa pasar mendiskontokan semua informasi (termasuk fundamental, politik, psikologis, dan lainnya) ke dalam harga."
44,Dow Theory & Market Cycles,Dow Theory menyatakan bahwa pergerakan harga terdiri dari:,2 jenis tren,3 jenis tren,4 jenis tren,5 jenis tren,B,"Menurut Dow Theory, pergerakan harga terdiri dari tiga jenis tren, yaitu tren utama (primary), tren sekunder (secondary), dan tren minor (short-term)."
45,Dow Theory & Market Cycles,Tren utama (Primary Trend) berlangsung selama:,Beberapa hari,Beberapa minggu,Beberapa bulan hingga tahun,Beberapa jam,C,"Menurut Dow Theory, tren utama (primary trend) adalah pergerakan harga jangka panjang yang dapat berlangsung dari beberapa bulan hingga beberapa tahun, berbeda dengan tren sekunder (beberapa minggu hingga bulan) atau tren minor (beberapa hari hingga minggu)."
46,Dow Theory & Market Cycles,Tren sekunder (Secondary Trend) bersifat:,Arah utama pasar,Koreksi terhadap tren utama,Sideways jangka panjang,Noise pasar,B,"Menurut Dow Theory, tren sekunder (secondary trend) merupakan pergerakan yang berlawanan arah dengan tren utama, berfungsi sebagai koreksi atau pullback, dan berlangsung selama beberapa minggu hingga beberapa bulan."
47,Dow Theory & Market Cycles,Tren minor dalam Dow Theory berlangsung:,Bulanan,Mingguan,Harian hingga mingguan,Tahunan,C,"Dalam Dow Theory, tren minor merupakan fluktuasi harga jangka pendek yang biasanya berlangsung dari beberapa hari hingga beberapa minggu dan cenderung bersifat noise dalam konteks tren utama."
48,Dow Theory & Market Cycles,Tren bullish menurut Dow Theory ditandai oleh:,Lower High & Lower Low,Higher High & Higher Low,Equal High & Equal Low,Lower High & Higher Low,B,"Menurut Dow Theory, tren bullish (uptrend) didefinisikan dengan serangkaian puncak yang semakin tinggi (higher high) dan lembah yang semakin tinggi (higher low) sebagai bukti dominasi tekanan beli."
49,Dow Theory & Market Cycles,Tren bearish menurut Dow Theory ditandai oleh:,Higher High & Higher Low,Higher High & Lower Low,Lower High & Lower Low,Sideways,C,"Menurut Dow Theory, tren bearish (downtrend) didefinisikan dengan serangkaian puncak yang semakin rendah (lower high) dan lembah yang semakin rendah (lower low) sebagai bukti dominasi tekanan jual."
50,Dow Theory & Market Cycles,"Menurut Dow Theory, tren dianggap valid hingga:",Terjadi koreksi kecil,Volume menurun,Ada sinyal pembalikan yang jelas,Harga stagnan,C,"Menurut Dow Theory, tren yang telah terbentuk akan dianggap masih berlanjut hingga muncul sinyal pembalikan yang meyakinkan, bukan karena koreksi kecil, volume menurun, atau harga stagnan."
51,Dow Theory & Market Cycles,Salah satu prinsip Dow Theory adalah:,Tren bergerak acak,Volume harus mengonfirmasi tren,Indikator lebih penting dari harga,Harga selalu sideways,B,"Dalam Dow Theory, volume merupakan salah satu konfirmasi penting untuk menilai validitas suatu tren, di mana volume cenderung meningkat searah dengan tren utama."
52,Dow Theory & Market Cycles,"Dalam Dow Theory, volume idealnya:",Tidak penting,Selalu menurun,Mengonfirmasi arah tren,Bertentangan dengan harga,C,"Dalam Dow Theory, volume yang ideal berfungsi untuk mengonfirmasi arah tren, misalnya volume meningkat saat harga bergerak sesuai tren utama sebagai tanda validitas pergerakan tersebut."
53,Dow Theory & Market Cycles,Breakout valid menurut Dow Theory harus disertai:,Volume rendah,Volume meningkat,Tanpa volume,Volume stagnan,B,"Menurut Dow Theory, konfirmasi volume merupakan syarat validitas suatu pergerakan, sehingga breakout yang sah harus disertai peningkatan volume sebagai tanda partisipasi dan kekuatan pasar."
54,Dow Theory & Market Cycles,Dow Theory membagi fase pasar bullish menjadi:,2 fase,3 fase,4 fase,5 fase,B,"Menurut Dow Theory, pasar bullish terbagi menjadi tiga fase: fase akumulasi, fase partisipasi publik (mark-up), dan fase distribusi."
55,Dow Theory & Market Cycles,"Fase ""public participation"" terjadi pada:",Awal tren,Tengah tren,Akhir tren,Saat distribusi,B,"Menurut Dow Theory, fase partisipasi publik (public participation) merupakan fase kedua dari tiga fase pasar bullish, di mana harga mulai naik dengan cepat dan volume meningkat karena masyarakat luas ikut masuk, terjadi di tengah-tengah tren utama."
56,Dow Theory & Market Cycles,Fase distribusi biasanya ditandai oleh:,Optimisme ekstrem,Pesimisme ekstrem,Volume sangat rendah,Tidak ada volatilitas,A,"Dalam Dow Theory, fase distribusi (fase ketiga pasar bullish) ditandai oleh optimisme yang meluas dan euforia di kalangan publik, sementara para pelaku cerdas (smart money) mulai melepas posisi mereka."
57,Dow Theory & Market Cycles,Dow Theory menyatakan bahwa indeks harus:,Bergerak berlawanan,Bergerak acak,Saling mengonfirmasi,Tidak berhubungan,C,"Menurut Dow Theory, suatu sinyal tren tidak dianggap valid hingga dua indeks yang relevan (misalnya Dow Jones Industrial Average dan Dow Jones Transportation Average) bergerak searah dan saling mengonfirmasi pergerakan tersebut."
58,Dow Theory & Market Cycles,"Jika satu indeks membuat Higher High tetapi indeks lain tidak, maka:",Tren semakin kuat,Terjadi divergensi,Breakout valid,Tren pasti naik,B,"Menurut Dow Theory, validitas tren memerlukan konfirmasi dari semua indeks yang dianalisis, sehingga ketika satu indeks mencapai higher high sementara indeks lain tidak, hal tersebut menandakan adanya pelemahan atau ketidaksepakatan antar indeks (divergensi), yang berpotensi menjadi sinyal peringatan pembalikan tren."
59,Dow Theory & Market Cycles,Dow Theory paling efektif digunakan pada:,Time frame kecil,Scalping,Time frame besar,High-frequency trading,C,"Dow Theory berfokus pada tren utama (primary trend) yang berlangsung berbulan hingga tahunan, sehingga analisisnya paling efektif diterapkan pada time frame besar seperti harian, mingguan, atau bulanan, bukan untuk scalping, time frame kecil, atau high-frequency trading."
60,Dow Theory & Market Cycles,Kelemahan utama Dow Theory adalah:,Terlalu banyak indikator,Sinyal datang terlambat,Tidak menggunakan volume,Tidak bisa menentukan tren,B,"Dow Theory bersifat lagging, di mana sinyal pembalikan tren baru terkonfirmasi setelah pergerakan harga yang signifikan terjadi, sehingga trader sering kali masuk terlambat dan melewatkan sebagian awal tren."
61,Philosophy & History of Technical Analysis,Analisis teknikal berasumsi bahwa:,Harga ditentukan laporan keuangan,Harga bergerak acak,Harga mencerminkan semua informasi,Harga hanya dipengaruhi makro ekonomi,C,"Prinsip dasar analisis teknikal menyatakan bahwa semua faktor (fundamental, psikologis, berita, dll.) telah tercermin dalam harga, sehingga analisis harga itu sendiri sudah cukup untuk memprediksi pergerakan masa depan."
62,Technical Indicators,Time frame dalam analisis teknikal berfungsi untuk:,Menentukan fundamental saham,Menyesuaikan gaya trading,Menghitung dividen,Menentukan nilai buku,B,"Dalam analisis teknikal, time frame (misalnya 1 menit, 1 jam, harian, mingguan) digunakan untuk menyesuaikan periode analisis dengan strategi dan gaya trading masing-masing trader, seperti scalping, day trading, swing trading, atau position trading."
63,Dow Theory & Market Cycles,"Prinsip ""history repeats itself"" berarti:",Harga selalu kembali ke awal,Pola harga cenderung berulang,Volume selalu sama,Tren tidak pernah berubah,B,"Prinsip ""history repeats itself"" dalam analisis teknikal didasarkan pada psikologi pasar yang relatif konstan, sehingga pola harga di masa lalu cenderung muncul kembali di masa depan."
64,Philosophy & History of Technical Analysis,Data utama analisis teknikal adalah:,Laba bersih,Arus kas,Harga dan volume,Neraca,C,"Analisis teknikal berfokus pada data historis harga dan volume transaksi sebagai input utama, bukan pada laba bersih, arus kas, atau neraca yang merupakan domain analisis fundamental."
65,Technical Indicators,Uptrend ditandai dengan:,Lower High - Lower Low,Higher High - Higher Low,Equal High - Equal Low,Random movement,B,"Dalam analisis teknikal, uptrend didefinisikan sebagai serangkaian puncak yang semakin tinggi (higher high) dan lembah yang semakin tinggi (higher low) yang mencerminkan dominasi tekanan beli."
66,Technical Indicators,Downtrend akan dianggap berakhir jika:,Harga membuat Lower Low,Harga menembus resistance,Harga membuat Higher High,Volume menurun,C,"Dalam analisis teknikal, suatu downtrend dianggap berakhir ketika harga berhasil menembus puncak terakhir (lower high) dan membentuk puncak yang lebih tinggi (higher high), yang menandakan potensi perubahan tren dari turun menjadi naik."
67,Technical Indicators,Sideways market ditandai oleh:,Higher High,Lower Low,Range yang jelas,Breakout kuat,C,"Dalam kondisi pasar sideways, harga bergerak secara horizontal di antara level support dan resistance yang dapat diidentifikasi, tanpa membentuk higher high atau lower low yang berarti."
68,Support & Resistance,Trendline valid minimal disentuh sebanyak:,1 kali,2 kali,3 kali,4 kali,C,"Dalam analisis teknikal, sebuah garis tren (trendline) dianggap valid dan signifikan minimal setelah disentuh oleh harga sebanyak tiga kali, di mana dua titik pertama untuk menggambar garis dan titik ketiga untuk mengonfirmasi keabsahannya."
69,Support & Resistance,Support adalah area di mana:,Harga sulit naik,Tekanan jual dominan,Tekanan beli muncul,Volume rendah,C,"Support merupakan level harga di mana tekanan beli diperkirakan cukup kuat untuk menghentikan penurunan harga, sehingga harga cenderung memantul naik."
70,Support & Resistance,Resistance terjadi karena:,Banyak pembeli menahan harga,Banyak penjual melepas saham,Tidak ada transaksi,Harga terlalu murah,B,"Resistance terbentuk saat harga mendekati level tertentu di mana banyak pelaku pasar cenderung menjual (tekanan jual dominan), sehingga menghalangi harga untuk naik lebih lanjut."
71,Support & Resistance,Support yang ditembus kuat biasanya akan menjadi:,Support baru,Resistance,Area netral,Fake breakout,B,"Dalam analisis teknikal, ketika level support ditembus dengan kuat oleh harga, peran level tersebut berubah menjadi resistance di mana harga cenderung akan tertahan jika mencoba kembali naik."
72,Support & Resistance,"Semakin sering level support diuji, maka:",Semakin kuat,Semakin lemah,Tidak berpengaruh,Pasti breakout,A,"Dalam analisis teknikal, setiap kali harga menyentuh level support tanpa berhasil menembusnya, level tersebut semakin teruji dan dianggap semakin kokoh karena menunjukkan adanya akumulasi pembeli yang berulang kali melindungi area tersebut."
73,Chart Patterns,Pola Head and Shoulders menandakan:,Continuation,Reversal bearish,Reversal bullish,Sideways,B,Pola Head and Shoulders (top) yang terbentuk setelah tren naik memberikan sinyal pembalikan dari tren naik ke tren turun (bearish reversal).
74,Chart Patterns,Inverse Head and Shoulders bersifat:,Bearish,Bullish,Netral,Sideways,B,Pola Inverse Head and Shoulders (Head and Shoulders bottom) terbentuk setelah tren turun dan menandakan pembalikan ke tren naik (bullish reversal).
75,Chart Patterns,Pola Triangle termasuk pola:,Reversal,Continuation,Exhaustion,Distribution,B,"Dalam analisis teknikal, pola Triangle (baik ascending, descending, maupun symmetrical) umumnya dianggap sebagai pola kelanjutan yang mengindikasikan harga akan melanjutkan tren sebelumnya setelah periode konsolidasi."
76,Chart Patterns,Double Top menunjukkan potensi:,Kenaikan lanjutan,Pembalikan turun,Konsolidasi,Breakout bullish,B,"Pola Double Top yang terbentuk setelah tren naik dengan dua puncak di level resistensi yang sama mengindikasikan kegagalan harga untuk melanjutkan kenaikan, sehingga berpotensi membalik menjadi tren turun."
77,Candlestick Patterns,Candlestick mencerminkan:,Fundamental,Psikologi pasar,Nilai intrinsik,Laporan keuangan,B,"Candlestick merepresentasikan dinamika antara pembeli dan penjual dalam suatu periode, mencerminkan emosi, sentimen, dan perilaku pelaku pasar, bukan fundamental, nilai intrinsik, atau laporan keuangan."
78,Candlestick Patterns,Bullish Engulfing menunjukkan:,Tekanan jual,Pembalikan turun,Dominasi buyer,Sideways,C,"Pola Bullish Engulfing terbentuk ketika candlestick hijau yang besar sepenuhnya menutupi candlestick merah sebelumnya, menandakan bahwa pembeli mengambil alih kendali dan berpotensi membalikkan tren turun menjadi naik."
79,Candlestick Patterns,Doji menandakan:,Tren kuat,Ketidakpastian,Breakout,Volume besar,B,"Pola Doji memiliki body yang sangat kecil atau hampir tidak ada, menandakan bahwa kekuatan pembeli dan penjual sedang berimbang sehingga pasar berada dalam kondisi ragu atau indecisive."
80,Candlestick Patterns,Hammer muncul idealnya di:,Puncak uptrend,Tengah sideways,Dasar downtrend,Resistance kuat,C,"Pola Hammer merupakan candlestick pembalikan bullish yang idealnya muncul di akhir tren turun (dasar downtrend), menandakan bahwa tekanan jual mulai melemah dan potensi pembalikan ke atas meningkat."
81,Technical Indicators,RSI bergerak pada rentang:,0-50,0-100,20-80,-100-100,B,"Indikator RSI (Relative Strength Index) dirancang untuk berosilasi dalam rentang 0 hingga 100, dengan level jenuh beli (overbought) umumnya di atas 70 dan jenuh jual (oversold) di bawah 30."
82,Technical Indicators,RSI di bawah 30 menunjukkan:,Overbought,Oversold,Normal,Breakout,B,"Dalam analisis teknikal, nilai RSI di bawah 30 mengindikasikan bahwa aset telah mengalami penurunan harga yang berlebihan sehingga dianggap jenuh jual (oversold), berpotensi mengalami pembalikan naik."
83,Technical Indicators,Moving Average berfungsi untuk:,Mengukur volume,Menghaluskan harga,Mengukur volatilitas,Mengukur momentum,B,Moving Average (rata-rata bergerak) dirancang untuk meratakan fluktuasi harga acak sehingga memudahkan analis melihat arah tren secara lebih jelas.
84,Technical Indicators,Golden Cross terjadi saat:,MA pendek memotong MA panjang ke bawah,MA panjang memotong MA pendek,MA pendek memotong MA panjang ke atas,Harga memotong volume,C,"Golden Cross terjadi saat MA pendek memotong MA panjang ke atas, yang umumnya dianggap sebagai sinyal awal tren naik (bullish) setelah periode tren turun."
85,Technical Indicators,Death Cross bersifat:,Bullish,Bearish,Netral,Sideways,B,"Death Cross terjadi ketika rata-rata pergerakan jangka pendek memotong ke bawah rata-rata pergerakan jangka panjang, yang umumnya dianggap sebagai sinyal awal tren turun (bearish)."
86,Technical Indicators,MACD terdiri dari:,RSI dan MA,Dua MA dan histogram,Volume dan harga,Support resistance,B,Indikator MACD (Moving Average Convergence Divergence) dibentuk dari selisih dua moving average eksponensial (biasanya EMA 12 dan EMA 26) yang kemudian ditampilkan bersama garis sinyal dan histogram yang mencerminkan divergensi antara MACD dan garis sinyal.
87,Technical Indicators,MACD di atas garis nol menunjukkan:,Bearish,Sideways,Bullish,Oversold,C,"Ketika garis MACD berada di atas garis nol (positif), hal ini mengindikasikan bahwa moving average jangka pendek berada di atas moving average jangka panjang, mencerminkan momentum bullish atau tren naik."
88,Technical Indicators,Divergence bullish terjadi ketika:,Harga naik - indikator naik,Harga turun - indikator turun,Harga turun - indikator naik,Harga naik - indikator turun,C,"Divergensi bullish terjadi ketika harga membentuk titik terendah yang lebih rendah (lower low) tetapi indikator membentuk titik terendah yang lebih tinggi (higher low), mengindikasikan melemahnya momentum turun dan potensi pembalikan naik."
89,Volume Analysis,Volume digunakan untuk:,Prediksi fundamental,Konfirmasi pergerakan harga,Menentukan nilai wajar,Menentukan EPS,B,"Dalam analisis teknikal, volume berfungsi untuk mengonfirmasi kekuatan atau kelemahan suatu pergerakan harga, misalnya kenaikan harga dengan volume tinggi dianggap lebih valid dibandingkan dengan volume rendah."
90,Volume Analysis,Breakout yang valid seharusnya disertai:,Volume rendah,Volume stagnan,Volume meningkat,Tanpa volume,C,"Dalam analisis teknikal, breakout yang valid dan meyakinkan harus didukung oleh lonjakan volume sebagai konfirmasi bahwa pergerakan harga melampaui level support/resistance didorong oleh partisipasi pasar yang kuat."
91,Risk & Money Management,Stop loss berfungsi untuk:,Mengunci profit,Membatasi risiko,Menambah posisi,Menghindari pajak,B,"Perintah stop loss ini secara otomatis menutup posisi saat harga mencapai level kerugian yang telah ditentukan, sehingga trader tidak mengalami kerugian lebih besar dari batas yang direncanakan."
92,Risk & Money Management,Risk : Reward ideal minimal:,1:1,1:1.5,1:2,2:1,C,"Dalam manajemen risiko trading, rasio risk-reward minimal yang sehat umumnya 1:2, artinya potensi keuntungan dua kali lipat dari risiko kerugian, sehingga trader masih bisa profit meskipun hanya 50% dari transaksinya yang menang."
93,Risk & Money Management,Position sizing bertujuan untuk:,Maksimalkan profit,Batasi kerugian,Mengatur emosi,Menentukan tren,B,"Dengan mengatur besarnya posisi per transaksi, trader dapat mengendalikan jumlah risiko yang ditanggung (biasanya persentase tertentu dari modal), sehingga tidak ada satu pun transaksi yang dapat menghancurkan akun secara signifikan."
94,Risk & Money Management,Overtrading biasanya disebabkan oleh:,Disiplin tinggi,Kesabaran,Emosi,Analisis matang,C,"Perilaku seperti keserakahan, ketakutan ketinggalan peluang (FOMO), atau keinginan membalas kerugian (revenge trading) dapat mendorong trader melakukan transaksi berlebihan di luar rencana."
95,Risk & Money Management,FOMO berarti:,Takut rugi,Takut ketinggalan peluang,Takut loss,Takut salah analisis,B,"FOMO merupakan singkatan dari Fear Of Missing Out, yaitu kondisi psikologis di mana trader terburu-buru membuka posisi karena khawatir kehilangan potensi keuntungan yang sedang terjadi."
96,Philosophy & History of Technical Analysis,Time frame besar digunakan untuk:,Entry cepat,Noise market,Menentukan tren utama,Scalping,C,"Time frame yang lebih besar (harian, mingguan, bulanan) digunakan untuk mengidentifikasi arah tren dominan, sedangkan time frame kecil lebih cocok untuk entry cepat atau scalping."
97,Philosophy & History of Technical Analysis,Entry terbaik searah tren utama disebut:,Counter trend,Trend following,Mean reversion,Scalping,B,"Strategi trend following ini berarti membuka posisi searah dengan tren utama (misalnya membeli saat uptrend atau menjual saat downtrend), berbeda dengan counter trend, mean reversion, atau scalping yang tidak selalu searah tren utama."
98,Philosophy & History of Technical Analysis,False breakout sering terjadi saat:,Volume besar,Volume kecil,Tren kuat,Konfirmasi lengkap,B,Kurangnya volume menunjukkan partisipasi pasar yang lemah sehingga harga cenderung gagal bertahan di luar level support/resistance.
99,Philosophy & History of Technical Analysis,Indikator sebaiknya digunakan:,Sebanyak mungkin,Tanpa price action,Sebagai alat bantu,Sebagai satu-satunya acuan,C,"Indikator teknikal tidak boleh diandalkan sebagai satu-satunya acuan atau digunakan sebanyak mungkin, melainkan berfungsi untuk mengonfirmasi sinyal dari price action dan struktur pasar."
100,Philosophy & History of Technical Analysis,Analisis teknikal paling efektif jika dikombinasikan dengan:,Emosi,Rumor,Manajemen risiko,Spekulasi,C,"Tanpa pengelolaan risiko yang tepat (stop loss, posisi sizing, rasio risk:reward), analisis teknikal yang akurat sekalipun tidak akan melindungi modal trader dari kerugian besar akibat ketidakpastian pasar."
101,Philosophy & History of Technical Analysis,Analisis teknikal terutama digunakan untuk menganalisis:,Kinerja keuangan perusahaan,Laporan laba rugi,Pergerakan harga dan volume,Kebijakan manajemen,C,"Analisis teknikal terutama digunakan untuk menganalisis pergerakan harga dan volume karena metode ini berfokus pada data pasar historis (harga dan volume) untuk memprediksi arah pergerakan harga di masa depan, bukan pada kinerja keuangan, laporan laba rugi, atau kebijakan manajemen."
102,Philosophy & History of Technical Analysis,"Prinsip dasar analisis teknikal adalah, kecuali:",Harga mencerminkan semua informasi,Harga bergerak dalam tren,Sejarah cenderung berulang,Laporan keuangan menentukan harga harian,D,"Laporan keuangan merupakan prinsip analisis fundamental, bukan bagian dari tiga prinsip utama analisis teknikal yang mencakup ""harga mencerminkan semua informasi,"" ""harga bergerak dalam tren,"" dan ""sejarah cenderung berulang."""
103,Technical Indicators,Higher High dan Higher Low menunjukkan tren:,Sideways,Downtrend,Uptrend,Reversal,C,"Dalam analisis teknikal, pola Higher High (puncak yang semakin tinggi) dan Higher Low (lembah yang semakin tinggi) merupakan definisi standar dari tren naik (uptrend)."
104,Technical Indicators,"Pola ""Head and Shoulders"" menandakan:",Kelanjutan tren naik,Pembalikan tren naik ke turun,Sideways market,Breakout bullish,B,"Pola Head and Shoulders top terbentuk setelah tren naik dengan tiga puncak (bahu kiri-kepala-bahu kanan) di mana kepala lebih tinggi, dan ketika harga menembus garis leher (neckline) ke bawah, itu mengonfirmasi pembalikan dari tren bullish menjadi bearish."
105,Support & Resistance,Support adalah:,Area harga tertinggi,Area harga terendah sepanjang waktu,Area di mana harga cenderung memantul naik,Area volume tertinggi,C,Support merupakan level psikologis atau teknis di mana tekanan beli diperkirakan cukup kuat untuk menghentikan penurunan dan mendorong harga kembali naik.
106,Support & Resistance,"Jika resistance berhasil ditembus dengan volume besar, maka:",Harga pasti turun,Resistance berubah menjadi support,Harga sideways,Tren berakhir,B,"Dalam analisis teknikal, ketika level resistance ditembus dengan volume besar, level tersebut secara konsep berbalik fungsi menjadi support di mana harga cenderung tertahan saat koreksi."
107,Technical Indicators,RSI di atas 70 menandakan:,Oversold,Overbought,Normal,Reversal pasti,B,"Dalam analisis teknikal, nilai RSI di atas 70 mengindikasikan bahwa aset telah mengalami kenaikan harga yang berlebihan dalam periode tertentu sehingga dianggap jenuh beli (overbought), meskipun hal ini belum menjamin pembalikan harga secara pasti."
108,Technical Indicators,Moving Average digunakan untuk:,Menentukan laporan keuangan,Mengukur volatilitas,Menghaluskan pergerakan harga dan mengidentifikasi tren,Menentukan volume,C,"Moving average meratakan fluktuasi harga acak untuk memperjelas arah tren secara visual, bukan untuk menentukan laporan keuangan, mengukur volatilitas, atau menentukan volume."
109,Technical Indicators,MACD terdiri dari:,RSI dan Stochastic,Dua Moving Average dan histogram,Support dan resistance,Volume dan harga,B,Indikator MACD (Moving Average Convergence Divergence) dibentuk dari selisih dua moving average eksponensial (biasanya EMA 12 dan EMA 26) yang kemudian digambarkan bersama garis sinyal (EMA 9) dan histogram yang mewakili selisih antara MACD dan garis sinyal.
110,Dow Theory & Market Cycles,Kenaikan harga yang sehat biasanya disertai dengan:,Volume menurun,Volume stagnan,Volume meningkat,Tanpa volume,C,"Dalam analisis teknikal, kenaikan harga yang sehat dan berkelanjutan biasanya didukung oleh peningkatan volume yang menunjukkan partisipasi aktif pembeli dan validitas tren naik."
111,Dow Theory & Market Cycles,"Menurut Dow Theory, tren utama (primary trend) adalah...",Pergerakan harga jangka sangat pendek,Fluktuasi harga harian,Arah pergerakan harga jangka panjang,Pergerakan harga tanpa arah,C,"Menurut Dow Theory, tren utama (primary trend) berlangsung selama berbulan hingga bertahun-tahun dan merepresentasikan arah pasar secara fundamental, berbeda dengan tren sekunder atau tren minor yang bersifat lebih pendek."
112,Dow Theory & Market Cycles,"Menurut Dow Theory, pasar memiliki berapa jenis tren utama?",Satu,Dua,Tiga,Empat,C,"Menurut Dow Theory, pasar memiliki tiga jenis tren utama (primary trend), yaitu tren utama (berlangsung berbulan hingga tahunan), tren sekunder (koreksi dalam tren utama), dan tren minor (fluktuasi harian atau mingguan)."
113,Dow Theory & Market Cycles,Tren utama (Primary Trend) dalam Dow Theory biasanya berlangsung selama...,Beberapa hari,Beberapa minggu,Beberapa bulan hingga tahun,Beberapa jam,C,"Menurut Dow Theory, tren utama (primary trend) adalah pergerakan harga jangka panjang yang dapat berlangsung dari beberapa bulan hingga beberapa tahun, berbeda dengan tren sekunder (beberapa minggu hingga bulan) atau tren minor (beberapa hari hingga minggu)."
114,Dow Theory & Market Cycles,"Menurut Dow Theory, konfirmasi tren terjadi ketika...",Volume menurun,Harga bergerak acak,Indeks atau harga saling mengonfirmasi,Terjadi gap harga,C,"Menurut Dow Theory, suatu tren tidak dianggap valid hingga dua indeks yang relevan (misalnya Dow Jones Industrial Average dan Dow Jones Transportation Average) bergerak searah, saling mengonfirmasi sinyal pergerakan harga."
115,Dow Theory & Market Cycles,"Dalam Uptrend menurut Dow Theory, pergerakan harga ditandai dengan...",Lower High dan Lower Low,Higher High dan Higher Low,Equal High dan Equal Low,Random movement,B,"Menurut Dow Theory, uptrend didefinisikan sebagai serangkaian puncak yang semakin tinggi (higher high) dan lembah yang semakin tinggi (higher low), mencerminkan dominasi tekanan beli."
116,Dow Theory & Market Cycles,"Pernyataan ""Volume harus mengonfirmasi tren"" berarti...",Volume tidak penting,Volume selalu menurun,Volume meningkat searah tren,Volume bergerak acak,C,"Dalam analisis teknikal, prinsip konfirmasi volume mengharuskan volume bertambah ketika harga bergerak sesuai arah tren (misalnya volume naik saat uptrend atau volume naik saat downtrend) sebagai tanda validitas dan kekuatan tren tersebut."
117,Chart Patterns,Chart pattern digunakan dalam analisis teknikal untuk...,Menentukan nilai intrinsik,Memprediksi laporan keuangan,Mengidentifikasi kelanjutan atau pembalikan tren,Menentukan kebijakan moneter,C,"Dalam analisis teknikal, chart pattern (seperti segitiga, bendera, head and shoulders, double top/bottom) digunakan untuk membaca struktur pergerakan harga guna memprediksi apakah tren yang sedang berlangsung akan berlanjut (continuation) atau berbalik arah (reversal)."
118,Candlestick Patterns,Pola Head and Shoulders termasuk dalam kategori...,Continuation Pattern,Reversal Pattern,Random Pattern,Sideways Pattern,B,"Pola Head and Shoulders (baik top maupun bottom) secara klasik digunakan untuk mengidentifikasi pembalikan arah tren, bukan kelanjutan, pergerakan acak, atau sideways."
119,Candlestick Patterns,Pola Double Top biasanya mengindikasikan...,Kelanjutan tren naik,Pembalikan dari tren naik ke turun,Sideways market,Tren naik yang semakin kuat,B,"Pola Double Top terbentuk setelah tren naik yang panjang dengan dua puncak berdekatan pada level resistensi yang sama, yang menandakan kegagalan harga untuk menembus ke atas dan diikuti oleh penurunan yang mengonfirmasi pembalikan tren menjadi bearish."
120,Chart Patterns,Breakout pada chart pattern dianggap valid jika didukung oleh...,Harga penutupan,Indikator RSI,Volume yang meningkat,Moving Average,C,"Dalam analisis teknikal, breakout dari suatu pola chart (seperti segitiga, head and shoulders, atau double bottom) dianggap valid dan meyakinkan ketika terjadi lonjakan volume yang mengonfirmasi partisipasi pasar, sementara harga penutupan, RSI, atau moving average bukanlah syarat utama validitas breakout."
121,Candlestick Patterns,Candlestick pertama kali diperkenalkan oleh...,Charles Dow,Ralph Nelson Elliott,Steve Nison,John Murphy,C,"Meskipun pola candlestick pertama kali dikembangkan pada abad ke-18 oleh pedagang beras Jepang Munehisa Homma, teknik ini baru diperkenalkan dan dipopulerkan secara luas di dunia Barat oleh Steve Nison melalui bukunya Japanese Candlestick Charting Techniques pada tahun 1991."
122,Candlestick Patterns,Informasi yang TIDAK ditampilkan oleh satu candlestick adalah...,Harga pembukaan,Harga penutupan,Volume transaksi,Harga tertinggi & terendah,C,"Satu batang candlestick hanya menampilkan empat titik data harga (open, high, low, close), sedangkan volume transaksi merupakan informasi terpisah yang biasanya ditampilkan dalam histogram di bawah grafik harga."
123,Candlestick Patterns,Candlestick dengan body kecil dan shadow panjang atas-bawah disebut...,Marubozu,Doji,Hammer,Engulfing,B,"Pola Doji memiliki karakteristik body yang sangat kecil atau hampir tidak ada (harga pembukaan dan penutupan hampir sama) serta dilengkapi dengan shadow atas dan bawah yang panjang, menandakan ketidakpastian pasar antara tekanan beli dan jual."
124,Candlestick Patterns,Panjang shadow bawah yang lebih panjang menunjukkan...,Tekanan jual kuat,Tekanan beli kuat,Volume kecil,Tidak ada minat pasar,B,"Dalam analisis candlestick, shadow bawah yang panjang (misalnya pada pola Hammer atau Doji) mengindikasikan bahwa meskipun harga sempat turun signifikan selama periode perdagangan, tekanan beli yang kuat berhasil mendorong harga kembali naik mendekati level tertinggi atau pembukaan."
125,Candlestick Patterns,Pola Hammer umumnya muncul pada kondisi...,Uptrend,Sideways,Downtrend,Distribution,C,Pola Hammer merupakan pola candlestick pembalikan bullish yang umumnya terbentuk setelah penurunan harga (downtrend) dan menandakan potensi pembalikan ke atas setelah adanya tekanan jual yang mulai melemah.
126,Candlestick Patterns,Candlestick paling efektif dianalisis bersama dengan...,Fundamental ekonomi,Indikator teknikal,News politik,Time & sales,B,"Candlestick memberikan informasi visual tentang pergerakan harga (open, high, low, close) dalam suatu periode, namun untuk meningkatkan akurasi sinyal pembalikan atau kelanjutan tren, pola candlestick paling efektif jika dikonfirmasi dengan indikator teknikal seperti volume, RSI, MACD, atau moving average, bukan dengan fundamental ekonomi, berita politik, atau time & sales secara terpisah."
127,Philosophy & History of Technical Analysis,Indikator teknikal digunakan untuk...,Menentukan nilai intrinsik saham,Memprediksi pergerakan harga,Mengukur kinerja perusahaan,Menghitung dividen,B,"Indikator teknikal seperti RSI, MACD, dan moving average dirancang untuk menganalisis data harga dan volume masa lalu guna mengidentifikasi pola atau sinyal yang dapat membantu memperkirakan arah pergerakan harga di masa depan, bukan untuk menentukan nilai intrinsik, kinerja perusahaan, atau dividen."
128,Technical Indicators,Moving Average termasuk indikator jenis...,Leading,Lagging,Oscillator,Volume,B,"Moving Average dihitung berdasarkan harga masa lalu (rata-rata harga dalam periode tertentu), sehingga indikator ini selalu tertinggal (lagging) dibandingkan pergerakan harga terkini, berbeda dengan indikator leading yang berusaha memprediksi pergerakan ke depan."
129,Technical Indicators,RSI berada pada skala...,0-50,0-100,-100-100,20-80,B,"Indikator RSI (Relative Strength Index) dirancang untuk bergerak dalam kisaran 0 hingga 100, dengan tingkat overbought umumnya di atas 70 dan oversold di bawah 30, bukan pada skala 0-50, -100-100, atau hanya 20-80."
130,Technical Indicators,MACD merupakan kombinasi dari...,Volume & harga,Dua Moving Average,RSI & Stochastic,High & Low,B,"MACD (Moving Average Convergence Divergence) dihitung dari selisih antara dua moving average eksponensial (biasanya EMA 12 dan EMA 26), yang kemudian dihaluskan dengan EMA 9 sebagai garis sinyal, sehingga inti indikator ini merupakan kombinasi dari dua moving average."
131,Technical Indicators,Indikator Stochastic paling efektif digunakan pada market...,Trending kuat,Sideways,High volatility,Breakout,B,"Indikator Stochastic paling efektif digunakan pada pasar yang bergerak sideways (ranging) atau tidak memiliki tren kuat, di mana sinyal jenuh beli (overbought) dan jenuh jual (oversold) lebih akurat untuk mengidentifikasi titik balik harga; sebaliknya, pada pasar yang sedang trending kuat, indikator ini cenderung memberikan sinyal palsu karena harga dapat tetap berada di area overbought atau oversold dalam waktu lama."
132,Technical Indicators,Bollinger Bands mengukur...,Arah tren,Kekuatan tren,Volatilitas,Volume pasar,C,"Bollinger Bands menggunakan moving average sebagai garis tengah dan dua pita di atas/bawahnya yang dihitung berdasarkan standar deviasi, sehingga lebarnya mencerminkan tingkat volatilitas harga (semakin lebar pita, semakin tinggi volatilitas; semakin sempit, semakin rendah volatilitas)."
133,Technical Indicators,Harga menyentuh upper band Bollinger mengindikasikan...,Oversold,Overbought,Trend reversal pasti,Harga akan turun drastis,B,"Ketika harga menyentuh atau menembus upper band Bollinger, hal tersebut mengindikasikan bahwa harga berada relatif tinggi dibandingkan rata-rata pergerakannya (biasanya 2 standar deviasi), sehingga kondisi pasar dianggap jenuh beli (overbought), meskipun tidak menjamin pembalikan atau penurunan drastis secara pasti."
134,Technical Indicators,Divergence antara harga dan indikator menandakan...,Kelanjutan tren,Konsolidasi,Potensi pembalikan arah,Volume meningkat,C,"Divergensi terjadi ketika pergerakan harga tidak diikuti oleh indikator osilator seperti RSI atau MACD (misalnya harga membuat higher high tetapi indikator membuat lower high), yang mengindikasikan melemahnya momentum tren saat ini dan sering kali menjadi sinyal awal akan terjadinya pembalikan tren."
135,Technical Indicators,Penggunaan terlalu banyak indikator berisiko menyebabkan...,Akurasi meningkat,Analisis lebih sederhana,Conflicting signals,Entry lebih cepat,C,"Ketika trader menggunakan terlalu banyak indikator sekaligus, sering kali muncul sinyal yang saling bertentangan (misalnya satu indikator menunjukkan overbought sementara indikator lain menunjukkan masih ada ruang naik), yang justru memperumit pengambilan keputusan, bukannya meningkatkan akurasi, menyederhanakan analisis, atau mempercepat entry."
136,Philosophy & History of Technical Analysis,Technical Analysis adalah metode analisis yang berfokus pada,Laporan keuangan perusahaan,Kondisi makroekonomi,Pergerakan harga dan volume,Kinerja manajemen,C,"Analisis teknikal murni menggunakan data harga historis dan volume transaksi untuk mengidentifikasi pola, tren, serta sinyal perdagangan, tanpa melibatkan laporan keuangan, kondisi makroekonomi, atau kinerja manajemen."
137,Philosophy & History of Technical Analysis,Tujuan utama dari Technical Analysis adalah...,Menilai nilai intrinsik saham,Memprediksi pergerakan harga di masa depan,Menentukan dividen perusahaan,Mengukur kinerja manajemen,B,"Analisis teknikal berfokus pada studi data harga dan volume masa lalu untuk mengidentifikasi pola dan tren yang dapat membantu memperkirakan arah harga selanjutnya, berbeda dengan analisis fundamental yang menilai nilai intrinsik, dividen, atau kinerja manajemen."
138,Philosophy & History of Technical Analysis,Technical Analysis paling sering digunakan untuk...,Menilai laporan keuangan,Menentukan entry dan exit,Menghindari kerugian sepenuhnya,Menentukan struktur modal,B,"Analisis teknikal digunakan oleh trader untuk mengidentifikasi waktu yang tepat dalam membuka (entry) dan menutup (exit) posisi berdasarkan pola harga, indikator, dan level support/resistance, bukan untuk menilai laporan keuangan, menghindari kerugian sepenuhnya, atau menentukan struktur modal."
139,Technical Indicators,Time frame dalam Technical Analysis menunjukkan...,Jenis indikator yang digunakan,Jangka waktu analisis,Besar modal trader,Arah trend pasar,B,"Time frame dalam analisis teknikal mengacu pada durasi setiap batang/candlestick (misalnya 1 menit, 1 jam, harian, mingguan) yang menentukan periode waktu yang dianalisis, bukan jenis indikator, besar modal, atau arah tren."
140,Dow Theory & Market Cycles,"Dalam technical analysis, semua informasi pasar tercermin pada...",Berita,Laporan keuangan,Harga,Sentimen analis,C,"Dalam analisis teknikal, prinsip dasar menyatakan bahwa semua informasi yang tersedia—baik fundamental, berita, maupun sentimen—telah sepenuhnya tercermin dalam pergerakan harga."
141,Dow Theory & Market Cycles,Dow Theory menyatakan bahwa tren akan berlanjut sampai ada...,Volume meningkat,Koreksi kecil,Sinyal pembalikan yang jelas,Harga menyentuh support,C,"Menurut Dow Theory, tren yang sudah terbentuk akan terus berlangsung hingga diberikan sinyal pembalikan yang meyakinkan, bukan hanya karena koreksi kecil, sentuhan support, atau peningkatan volume."
142,Dow Theory & Market Cycles,"Menurut Dow Theory, tren utama (primary trend) adalah...",Pergerakan harga jangka sangat pendek,Fluktuasi harga harian,Arah pergerakan harga jangka panjang,Pergerakan harga tanpa arah,C,"Menurut Dow Theory, tren utama (primary trend) berlangsung selama berbulan hingga bertahun-tahun dan merepresentasikan arah pasar secara fundamental, berbeda dengan fluktuasi harian atau koreksi jangka pendek."
143,Technical Indicators,Indikator teknikal digunakan untuk...,Menghilangkan risiko trading,Menentukan nilai fundamental,Membantu analisis pergerakan harga,Menentukan kebijakan perusahaan,C,"Indikator teknikal seperti RSI, MACD, atau moving average dirancang untuk mengolah data harga dan volume guna mengidentifikasi pola, momentum, atau potensi pembalikan, bukan untuk menghilangkan risiko, menentukan nilai fundamental, atau kebijakan perusahaan."
144,Dow Theory & Market Cycles,Trend naik (uptrend) ditandai dengan...,Lower high dan lower low,Higher high dan higher low,Harga bergerak sideways,Volume terus menurun,B,"Dalam analisis teknikal, uptrend didefinisikan sebagai serangkaian puncak yang semakin tinggi (higher high) dan lembah yang semakin tinggi (higher low), menunjukkan dominasi tekanan beli."
145,Dow Theory & Market Cycles,"Pernyataan ""Volume harus mengonfirmasi tren"" berarti...",Volume tidak penting,Volume selalu menurun,Volume meningkat searah tren,Volume bergerak acak,C,"Dalam analisis teknikal, volume yang mengonfirmasi tren berarti saat harga bergerak naik (tren naik) volume cenderung meningkat, atau saat harga bergerak turun (tren turun) volume juga meningkat, sehingga memperkuat validitas tren tersebut."
146,Dow Theory & Market Cycles,"Prinsip ""Market discounts everything"" berarti...",Harga bergerak secara acak,Semua informasi tercermin dalam harga,Harga hanya dipengaruhi oleh berita,Volume tidak berpengaruh,B,"Prinsip dasar analisis teknikal ini menyatakan bahwa faktor fundamental, berita, sentimen pasar, dan segala informasi lain telah sepenuhnya dihargai oleh pergerakan harga saat ini."
147,Candlestick Patterns,Candlestick chart menampilkan informasi...,"Harga pembukaan, penutupan, tertinggi, dan terendah",Volume dan indikator,Laporan keuangan,Data ekonomi,A,"Candlestick chart merepresentasikan pergerakan harga dalam periode tertentu melalui tubuh (open-close) dan sumbu (high-low), tanpa secara langsung menampilkan volume, indikator, laporan keuangan, atau data ekonomi."
148,Support & Resistance,Support adalah...,Area harga tertinggi,Area di mana harga sulit naik,Area di mana harga cenderung tertahan turun,Titik tertinggi pergerakan harga,C,Support merupakan level psikologis atau teknis di mana tekanan beli cukup kuat sehingga harga sulit melanjutkan penurunan dan cenderung memantul ke atas.
149,Support & Resistance,Resistance berfungsi sebagai...,Area pantulan harga ke atas,Area penahan penurunan harga,Area di mana harga sulit naik,Titik stop loss,C,Resistance merupakan level psikologis atau teknis di mana tekanan jual cukup kuat sehingga harga cenderung berbalik turun atau mengalami kesulitan untuk menembus ke atas.
150,Chart Patterns,Pola Head and Shoulders termasuk dalam kategori...,Continuation Pattern,Reversal Pattern,Random Pattern,Sideways Pattern,B,"Pola Head and Shoulders terbentuk setelah tren naik (Head and Shoulders Top) atau tren turun (Head and Shoulders Bottom) dan menandakan pembalikan arah tren, bukan kelanjutan atau pergerakan acak/sideways."
151,Chart Patterns,Pola Double Top biasanya mengindikasikan...,Kelanjutan tren naik,Pembalikan dari tren naik ke turun,Sideways market,Tren naik yang semakin kuat,B,"Pola Double Top terbentuk setelah tren naik yang panjang dengan dua puncak berdekatan pada level resistensi yang sama, yang menandakan kegagalan harga untuk menembus ke atas dan diikuti oleh penurunan yang mengonfirmasi pembalikan tren menjadi bearish."
152,Chart Patterns,Breakout pada chart pattern dianggap valid jika didukung oleh...,Harga penutupan,Indikator RSI,Volume yang meningkat,Moving Average,C,"Breakout pada chart pattern dianggap valid jika didukung oleh volume yang meningkat karena volume tinggi menunjukkan partisipasi besar dari pelaku pasar, sehingga membuktikan kekuatan dan komitmen nyata di balik pergerakan harga tersebut, bukan sekadar pergerakan palsu (fakeout) yang biasanya terjadi dengan volume rendah."
153,Candlestick Patterns,Candlestick dengan body kecil dan shadow panjang atas-bawah disebut...,Marubozu,Doji,Hammer,Engulfing,B,"Candlestick dengan body kecil dan shadow panjang atas-bawah disebut Doji karena pola ini menunjukkan bahwa harga open dan close hampir sama (body sangat kecil), sementara terdapat perjuangan kuat antara pembeli dan penjual yang tercermin dari shadow panjang di atas dan bawah, mengindikasikan ketidakpastian atau indecision di pasar."
154,Candlestick Patterns,Panjang shadow bawah yang lebih panjang menunjukkan...,Tekanan jual kuat,Tekanan beli kuat,Volume kecil,Tidak ada minat pasar,B,"Panjang shadow bawah yang lebih panjang menunjukkan tekanan beli kuat karena harga sempat turun jauh selama periode tersebut namun akhirnya ditolak dan ditarik kembali ke atas oleh pembeli yang agresif, mengindikasikan bahwa kekuatan beli berhasil mengalahkan tekanan jual di level harga rendah."
155,Technical Indicators,Moving Average termasuk indikator jenis...,Leading,Lagging,Oscillator,Volume,B,"Moving Average termasuk indikator jenis lagging karena indikator ini dihitung berdasarkan rata-rata harga di masa lalu, sehingga cenderung mengikuti tren yang sudah terbentuk daripada memprediksi pergerakan harga di masa depan."
156,Technical Indicators,RSI berada pada skala...,0-50,0-100,-100-100,20-80,B,"RSI berada pada skala 0-100 karena indikator ini mengukur kekuatan momentum harga dengan perbandingan antara kenaikan dan penurunan rata-rata dalam periode tertentu (biasanya 14), di mana level di atas 70 menandakan overbought dan di bawah 30 menandakan oversold."
157,Technical Indicators,Indikator Stochastic paling efektif digunakan pada market...,Trending kuat,Sideways,High volatility,Breakout,B,"Indikator Stochastic paling efektif digunakan pada market sideways karena di pasar yang ranging atau tidak trending kuat ini, Stochastic mampu mendeteksi kondisi overbought dan oversold dengan akurat, sehingga sinyal crossover dan divergence yang dihasilkan menjadi lebih reliable untuk memprediksi pembalikan harga di dalam range tersebut."
158,Technical Indicators,MACD merupakan kombinasi dari...,Volume & harga,Dua Moving Average,RSI & Stochastic,High & Low,B,"MACD merupakan kombinasi dari dua Moving Average karena indikator ini dihitung dari selisih antara Exponential Moving Average (EMA) periode pendek (biasanya 12) dan EMA periode panjang (biasanya 26), yang kemudian menghasilkan MACD Line, Signal Line, dan Histogram untuk mengukur momentum dan kekuatan tren."
159,Technical Indicators,Bollinger Bands mengukur...,Arah tren,Kekuatan tren,Volatilitas,Volume pasar,C,"Bollinger Bands mengukur volatilitas karena lebar band (jarak antara upper band dan lower band) dihitung berdasarkan standar deviasi dari Moving Average, di mana band melebar saat volatilitas pasar tinggi dan menyempit saat volatilitas rendah, sehingga membantu trader melihat tingkat fluktuasi harga secara visual."
160,Technical Indicators,Divergence antara harga dan indikator menandakan...,Kelanjutan tren,Konsolidasi,Potensi pembalikan arah,Volume meningkat,C,"Divergence antara harga dan indikator menandakan potensi pembalikan arah karena terjadi ketidaksesuaian antara pergerakan harga dan kekuatan momentum yang ditunjukkan indikator (seperti RSI atau MACD), di mana harga masih membuat higher high/lower low tetapi indikator gagal mengikuti, sehingga mengindikasikan melemahnya tren saat ini dan kemungkinan terjadinya reversal."
161,Technical Indicators,Harga menyentuh upper band Bollinger mengindikasikan...,Oversold,Overbought,Trend reversal pasti,Harga akan turun drastis,B,"Harga menyentuh upper band Bollinger mengindikasikan overbought karena harga telah bergerak naik dengan cukup kuat hingga berada di dua standar deviasi di atas Moving Average, menunjukkan bahwa momentum pembelian sedang sangat tinggi dan harga berpotensi mengalami koreksi atau pullback meskipun bukan sinyal reversal yang pasti."
162,Chart Patterns,Pola Triangle yang menunjukkan kelanjutan tren disebut...,Symmetrical Triangle,Ascending Triangle,Descending Triangle,Semua benar,D,"Pola Triangle yang menunjukkan kelanjutan tren disebut Symmetrical Triangle, Ascending Triangle, maupun Descending Triangle karena ketiganya merupakan pola continuation, di mana Symmetrical Triangle biasanya melanjutkan tren sebelumnya, Ascending Triangle melanjutkan tren naik, dan Descending Triangle melanjutkan tren turun setelah breakout dari pola konsolidasi tersebut."
163,Chart Patterns,Pola Flag dan Pennant biasanya muncul setelah...,Pergerakan harga lambat,Pergerakan harga kuat (sharp move),Sideways panjang,Market reversal,B,"Pola Flag dan Pennant biasanya muncul setelah pergerakan harga kuat (sharp move) karena kedua pola ini merupakan pola kelanjutan (continuation patterns) yang terbentuk setelah adanya lonjakan harga yang tajam dan kuat (seperti tiang/mast), diikuti oleh konsolidasi singkat berbentuk segi empat miring (Flag) atau segitiga kecil (Pennant), sebelum harga melanjutkan tren ke arah semula dengan momentum yang lebih kuat."
164,Chart Patterns,Pola Cup and Handle biasanya mengindikasikan...,Reversal bearish,Continuation bullish,Sideways market,Downtrend berlanjut,B,"Pola Cup and Handle biasanya mengindikasikan continuation bullish karena pola ini muncul di tengah tren naik, di mana bagian cup membentuk pembalikan melingkar yang halus setelah koreksi, diikuti handle yang merupakan konsolidasi kecil, dan breakout di atas resistance handle menandakan kelanjutan tren naik dengan momentum yang kuat."
165,Dow Theory & Market Cycles,Fase distribusi dalam Dow Theory biasanya terjadi saat...,Awal tren naik,Harga mulai turun tajam,Smart money mulai menjual,Investor ritel mulai panik,C,"Fase distribusi dalam Dow Theory biasanya terjadi saat smart money (investor institusi/investor besar) mulai menjual posisinya secara bertahap kepada investor ritel yang sedang antusias membeli di level harga tinggi, biasanya menjelang akhir tren naik utama sebelum harga mulai mengalami pembalikan menjadi tren turun."
166,Philosophy & History of Technical Analysis,"Prinsip ""history repeats itself"" dalam analisis teknikal mengimplikasikan bahwa pola harga masa lalu cenderung berulang karena...",Pergerakan harga bersifat acak dan tidak dapat diprediksi,Psikologi manusia (rasa takut dan serakah) relatif konstan sepanjang waktu,Semua pola harga akan menghasilkan hasil yang identik setiap kali muncul,Harga selalu kembali ke level rata-rata dalam jangka panjang,B,"Prinsip ""history repeats itself"" dalam analisis teknikal didasarkan pada asumsi bahwa psikologi pelaku pasar yang didorong oleh rasa takut dan serakah cenderung konstan dari waktu ke waktu, sehingga pola harga historis yang terbentuk dari perilaku tersebut berpeluang besar muncul kembali di masa depan."
167,Philosophy & History of Technical Analysis,"Seorang trader menggunakan moving average untuk menghaluskan harga, level support/resistance untuk mengidentifikasi area pantulan, serta RSI untuk mengukur kondisi jenuh beli/jual. Pendekatan ini mencerminkan bahwa analisis teknikal...",Hanya mengandalkan satu indikator utama sebagai acuan mutlak,Mengabaikan data volume karena tidak relevan dalam analisis,Menggabungkan berbagai alat untuk memahami psikologi pasar secara multidimensional,Bertujuan menghilangkan risiko kerugian secara keseluruhan,C,"Analisis teknikal memanfaatkan beragam alat seperti moving averages, support/resistance, dan indikator RSI secara sinergis untuk mengukur psikologi pasar dari berbagai sudut pandang guna menemukan peluang trading yang menguntungkan."
168,Philosophy & History of Technical Analysis,Perbedaan mendasar antara analisis teknikal dan analisis fundamental terletak pada...,"Analisis teknikal berfokus pada data harga dan volume masa lalu, sedangkan fundamental pada laporan keuangan dan nilai intrinsik","Analisis teknikal menjamin keuntungan pasti, sedangkan fundamental hanya memberikan estimasi","Analisis teknikal hanya digunakan untuk time frame pendek, fundamental hanya untuk jangka panjang","Analisis teknikal tidak memerlukan grafik, sedangkan fundamental sangat bergantung pada grafik",A,"Analisis teknikal secara eksklusif mempelajari data pasar masa lalu seperti grafik harga, volume, dan pola untuk memprediksi pergerakan di masa depan, sementara analisis fundamental menilai nilai intrinsik aset berdasarkan laporan keuangan dan kondisi ekonomi perusahaan."
169,Dow Theory & Market Cycles,"Prinsip ""Market discounts everything"" dalam Dow Theory menyiratkan bahwa jika tiba-tiba terjadi krisis global namun harga saham di bursa lokal tidak bergerak signifikan, maka seorang analis teknikal akan berkesimpulan bahwa...",Pasar sedang tidak efisien dan perlu intervensi regulator,Informasi krisis tersebut telah diabaikan oleh pelaku pasar,Semua informasi termasuk krisis telah tercermin dalam harga saat ini,Harga hanya merespon berita fundamental yang sudah terkonfirmasi,C,"Prinsip ""Market discounts everything"" menyatakan bahwa semua informasi (termasuk berita buruk maupun baik) telah sepenuhnya tercermin dalam harga saham saat ini, sehingga tidak adanya pergerakan harga justru menunjukkan bahwa krisis tersebut sudah diantisipasi pasar."
170,Dow Theory & Market Cycles,"Dalam Dow Theory, jika IHSG sedang dalam tren naik utama (primary uptrend) namun terjadi penurunan harga selama tiga minggu yang tidak menembus level terendah sebelumnya, penurunan ini diklasifikasikan sebagai...",Tren minor yang mengubah arah tren utama,Tren sekunder yang bersifat koreksi sementara,Fase distribusi yang menandakan pembalikan tren,Konfirmasi divergensi antar indeks,B,"Menurut Dow Theory, tren sekunder (secondary trend) adalah koreksi sementara yang berlawanan arah dengan tren utama dan berlangsung beberapa minggu hingga bulan, selama tidak menembus level konfirmasi pembalikan tren."
171,Dow Theory & Market Cycles,"Fase ""participation"" (public participation) dalam teori tiga fase pasar Dow Theory bercirikan...",Harga masih rendah dan volume tipis karena hanya institusi yang bertransaksi,Harga mulai naik cepat dengan volume besar karena investor ritel ikut masuk,Harga mencapai puncak dan institusi mulai melepas posisi secara halus,Harga bergerak sideways tanpa arah yang jelas selama berbulan-bulan,B,Fase partisipasi (participation) adalah fase kedua di mana harga bergerak naik dengan cepat disertai volume besar karena publik (investor ritel) mulai mengikuti tren setelah institusi selesai melakukan akumulasi pada fase pertama.
172,Dow Theory & Market Cycles,"Seorang trader melihat bahwa indeks sektor properti telah membentuk higher high, tetapi indeks IHSG belum mencapai higher high yang baru. Menurut prinsip konfirmasi indeks (confirmation by indices), kondisi ini disebut...",Tren utama yang valid karena satu indeks cukup mewakili pasar,Divergensi yang melemahkan validitas sinyal tren bullish,Konfirmasi sempurna karena sektor properti memimpin,Fase distribusi yang mengonfirmasi kelanjutan tren,B,"Prinsip konfirmasi indeks dalam Dow Theory mensyaratkan bahwa lebih dari satu indeks atau sektor industri harus bergerak searah untuk memvalidasi suatu sinyal tren, sehingga ketika terjadi ketidaksepakatan (divergensi), sinyal tren dianggap tidak kuat atau belum valid."
173,Dow Theory & Market Cycles,"Dalam Dow Theory, volume perdagangan dianggap mengonfirmasi tren jika pada saat IHSG membentuk higher high dalam uptrend, volume yang terjadi adalah...",Volume menurun secara konsisten dari puncak sebelumnya,Volume stagnan tanpa perubahan berarti,Volume meningkat dibandingkan saat pembentukan higher high sebelumnya,Volume tidak berperan karena Dow Theory mengabaikan volume,C,"Prinsip ""volume confirms trends"" menyatakan bahwa volume harus meningkat searah dengan tren primer, sehingga dalam uptrend yang sehat, setiap higher high harus didukung oleh volume yang lebih tinggi atau setidaknya tidak menurun drastis untuk memvalidasi kekuatan tren."
174,Dow Theory & Market Cycles,"Seorang analis teknikal menemukan bahwa IHSG telah berada dalam downtrend selama 8 bulan, namun belum ada sinyal pembalikan seperti pembentukan higher low atau penembusan resistance. Berdasarkan prinsip ""trends persist"", analis tersebut sebaiknya...",Segera membuka posisi beli karena tren sudah terlalu lama,Menganggap tren akan berlanjut sampai ada sinyal pembalikan yang jelas,Mengabaikan tren utama dan fokus pada tren minor harian,Membutuhkan konfirmasi volume tanpa memperhatikan harga,B,"Prinsip ""trends persist"" dalam Dow Theory menegaskan bahwa tren yang telah terbentuk akan terus berlanjut hingga muncul sinyal pembalikan yang jelas dan meyakinkan (seperti perubahan pola higher low/higher high atau penembusan garis tren), bukan karena faktor durasi waktu semata."
175,Chart Patterns,Perbedaan utama antara pola Flag dan Pennant sebagai pola kelanjutan (continuation) terletak pada…,"Arah tren sebelumnya (Flag membutuhkan tren naik, Pennant tren turun)","Bentuk area konsolidasi (Flag berbentuk saluran paralel, Pennant berbentuk segitiga simetris)",Volume saat breakout (Flag membutuhkan volume lebih tinggi daripada Pennant),"Durasi pembentukan (Flag terbentuk dalam hitungan jam, Pennant dalam hitungan minggu)",B,"Flag memiliki area konsolidasi berupa saluran paralel yang miring berlawanan dengan tren sebelumnya (seperti bendera), sedangkan Pennant membentuk segitiga simetris yang meruncing, namun keduanya merupakan pola continuation dengan tren sebelumnya yang kuat."
176,Chart Patterns,"Dalam pola Cup & Handle, volume perdagangan yang ideal saat harga menembus (breakout) dari garis resistance handle seharusnya…",Lebih rendah daripada volume saat pembentukan cup agar tidak false breakout,Meningkat secara signifikan dibandingkan volume selama pembentukan handle,Stagnan karena pola ini tidak memerlukan konfirmasi volume,Hanya meningkat jika pola terjadi di time frame harian,B,Breakout yang valid pada pola Cup & Handle harus didukung oleh lonjakan volume yang nyata (lebih tinggi dari volume rata-rata saat handle terbentuk) untuk mengonfirmasi kekuatan pembeli dan kelanjutan tren naik.
177,Chart Patterns,"Seorang trader mengidentifikasi pola Cup & Handle pada grafik mingguan sebuah saham. Setelah harga menembus resistance handle, ia langsung masuk posisi beli. Namun harga kemudian turun kembali ke dalam area handle. Kesalahan paling mungkin dari trader tersebut adalah…",Tidak menunggu volume breakout yang cukup tinggi,Mengira pola Cup & Handle sebagai pola reversal bearish,Mengabaikan bahwa handle seharusnya terbentuk lebih rendah dari separuh cup,Masuk terlalu cepat sebelum harga menutup di atas resistance handle dengan jelas,D,"Breakout pada Cup & Handle baru dianggap valid jika harga menutup dengan tegas di atas resistance handle (bukan sekadar menyentuh), seringkali disertai volume tinggi, karena jika tidak maka berisiko false breakout yang menjebak pembeli."
178,Chart Patterns,Pola Cup & Handle tergolong sebagai pola…,Pembalikan bearish (bearish reversal),Pembalikan bullish (bullish reversal),Kelanjutan bearish (bearish continuation),Kelanjutan bullish (bullish continuation),D,"Ini adalah soal jebakan karena pola Cup & Handle merupakan continuation pattern bullish yang muncul setelah tren naik, bukan pola reversal, sehingga jawaban yang benar adalah kelanjutan bullish, meskipun bentuknya menyerupai huruf U yang membalik."
179,Chart Patterns,"Dalam pola Flag, arah kemiringan flag (area konsolidasi) yang benar adalah…",Selalu horizontal (sejajar dengan sumbu waktu),Searah dengan tren sebelumnya (misal tren naik maka flag miring naik),Berlawanan arah dengan tren sebelumnya (misal tren naik maka flag miring turun),"Acak, tergantung volatilitas pasar",C,"Ini jebakan karena banyak trader mengira flag searah tren, padahal pada pola Flag yang benar (continuation), area konsolidasi (flag) justru miring berlawanan dengan arah tren sebelumnya akibat koreksi singkat, misalnya flag menurun dalam uptrend."
180,Chart Patterns,Ciri khas pembentukan pola Pennant yang membedakannya dari pola segitiga simetris biasa adalah…,Volume perdagangan terus meningkat selama pembentukan pennant,Pennant hanya terjadi di akhir downtrend sebagai reversal,Sebelum pennant harus ada pergerakan harga yang tajam (flagpole) dalam tren yang kuat,Pennant tidak memerlukan konfirmasi volume saat breakout,C,"Ini jebakan karena soal menguji karakteristik esensial Pennant: ia harus didahului oleh gerakan harga tajam dan cepat (flagpole) yang mencerminkan tren kuat, berbeda dengan segitiga simetris biasa yang tidak mensyaratkan adanya flagpole."
181,Chart Patterns,Pola Rectangle dikatakan memiliki fungsi ganda (dual function) karena dapat bertindak sebagai continuation atau reversal tergantung pada…,Tinggi rendahnya volume selama pembentukan rectangle,Arah breakout dan konfirmasi tren sebelumnya,Jumlah kali harga menyentuh batas atas dan bawah,Lama waktu pembentukan pattern (semakin lama semakin reversal),B,"Rectangle berfungsi sebagai continuation jika breakout searah dengan tren sebelumnya, namun menjadi reversal jika breakout berlawanan arah dengan tren yang mendahuluinya, sehingga penentuan fungsi sangat bergantung pada arah breakout relatif terhadap tren awal."
182,Chart Patterns,"Seorang trader melihat pola Ascending Triangle terbentuk setelah downtrend yang panjang. Jika harga menembus sisi atas (resistensi horizontal) dengan volume tinggi, pola ini kemungkinan besar berfungsi sebagai…",Bearish continuation (kelanjutan turun),Bullish reversal (pembalikan naik),Sideways pattern tanpa arah jelas,Bearish reversal (pembalikan turun),B,"Meskipun Ascending Triangle umumnya dianggap bullish continuation, ketika terbentuk setelah downtrend (bukan uptrend), breakout ke atas justru menandakan pembalikan tren dari turun menjadi naik (bullish reversal), inilah sifat dual function-nya."
183,Chart Patterns,Perbedaan utama antara Rising Wedge sebagai pola continuation versus reversal terletak pada…,"Kemiringan wedge (continuation lebih curam, reversal lebih landai)",Volume selama breakout (reversal membutuhkan volume lebih tinggi),"Posisi wedge dalam tren utama: continuation terjadi dalam tren naik, reversal terjadi dalam tren turun","Panjang wedge (continuation pendek, reversal panjang)",C,"Rising Wedge berfungsi sebagai continuation bearish jika muncul dalam downtrend (harga masih akan turun setelah breakout ke bawah), tetapi menjadi reversal bullish jika muncul dalam uptrend (breakout ke bawah membalikkan tren naik menjadi turun), sehingga fungsi bergantung pada arah tren sebelumnya."
184,Chart Patterns,Pola Symmetrical Triangle dikatakan sebagai pola dual function karena…,Selalu menghasilkan breakout ke atas tanpa memandang tren sebelumnya,"Arah breakout tidak dapat diprediksi, bisa naik atau turun, terlepas dari tren sebelumnya",Memiliki fungsi ganda yaitu sebagai continuation dan reversal secara bersamaan dalam satu waktu,"Hanya bisa menjadi reversal, tidak pernah continuation",B,"Ini jebakan karena symmetrical triangle memang dual function, tetapi bukan karena bisa continuation dan reversal sekaligus, melainkan karena arah breakout-nya netral (bisa naik atau turun) dan fungsinya baru ditentukan setelah breakout terjadi, terlepas apakah searah atau berlawanan dengan tren sebelumnya."
185,Chart Patterns,"Seorang trader menemukan pola Rectangle pada grafik harian dengan harga bergerak horizontal di antara support dan resistance. Menurut konsep dual function, trader tersebut seharusnya…",Langsung mengambil posisi beli karena rectangle pasti continuation bullish,Langsung mengambil posisi jual karena rectangle pasti continuation bearish,"Menunggu breakout dengan volume dan arah yang jelas, baru menentukan posisi",Mengabaikan pola rectangle karena tidak memiliki fungsi yang jelas,C,"Ini jebakan karena banyak trader menganggap rectangle memiliki fungsi tetap, padahal sifat dual function-nya mengharuskan trader untuk bersabar dan menunggu breakout beserta konfirmasi volume sebelum menentukan apakah pola tersebut berfungsi sebagai continuation atau reversal."
186,Chart Patterns,Pola Falling Wedge yang terbentuk setelah uptrend akan berfungsi sebagai…,Bullish continuation (kelanjutan naik) setelah breakout ke atas,Bearish reversal (pembalikan turun) setelah breakout ke bawah,Bullish reversal (pembalikan naik) setelah breakout ke bawah,Tidak memiliki fungsi karena falling wedge hanya reversal pattern,A,"Ini jebakan karena banyak yang keliru menganggap falling wedge selalu reversal, padahal falling wedge dalam uptrend yang diikuti breakout ke atas adalah bullish continuation, sementara falling wedge dalam downtrend yang diikuti breakout ke atas adalah bullish reversal; jadi fungsi sangat kontekstual."
187,Chart Patterns,"Seorang trader mengamati Double Top pada grafik harian dengan jarak antara dua puncak selama 3 bulan dan penurunan di antara keduanya sebesar 15%. Namun, setelah penembusan neckline, harga hanya turun 8% lalu berbalik naik melebihi puncak kedua. Kondisi ini paling tepat disebut sebagai…",Double Top yang gagal karena target terpenuhi,Pola yang berubah menjadi konsolidasi sideways,Konfirmasi tren bullish baru setelah re-test neckline,Double Top yang berhasil tetapi target tidak tercapai karena tren utama masih kuat,A,"Ini jebakan karena secara teknis Double Top dikatakan gagal (failed) jika setelah break neckline harga tidak mencapai target minimal (biasanya ketinggian pola) dan malah berbalik naik melebihi puncak kedua, sehingga pola tersebut batal sebagai reversal."
188,Chart Patterns,Syarat utama agar Double Top dianggap valid sebagai pola pembalikan bearish adalah…,Kedua puncak harus memiliki tinggi yang persis sama,Jarak antara kedua puncak minimal 10% dari harga,Harga harus menembus leher (neckline) dengan volume yang meningkat,Terbentuk setelah tren turun yang panjang,C,"Ini jebakan karena banyak yang mengira Double Top harus puncak sama persis atau setelah tren naik (itu benar), tetapi syarat mutlak validitas adalah penembusan neckline dengan konfirmasi volume, tanpa itu pola hanya potensi reversal."
189,Chart Patterns,"Dalam Double Top klasik, proyeksi target penurunan harga setelah breakout dihitung dengan…",Jarak antara puncak pertama dan leher dikalikan dua,"Jarak antara puncak tertinggi dan leher, lalu diproyeksikan ke bawah dari titik breakout",Rata-rata tinggi kedua puncak dikurangi leher,"Tinggi pola diukur dari puncak ke leher, lalu ditambahkan ke leher",B,"Ini jebakan karena target dihitung dengan mengukur jarak vertikal dari puncak tertinggi ke garis leher (neckline), kemudian memproyeksikan jarak yang sama ke bawah dari titik breakout neckline, bukan dari puncak ke puncak."
190,Chart Patterns,Double Top yang terbentuk dalam time frame mingguan dengan volume yang menurun pada puncak kedua dibanding puncak pertama mengindikasikan…,Kekuatan pembeli semakin kuat,Divergensi bullish yang akan membatalkan pola,Melemahnya tekanan beli dan penguatan sinyal reversal,Pola tidak valid karena volume harus naik pada puncak kedua,C,"Ini jebakan karena volume yang lebih rendah pada puncak kedua justru mengonfirmasi pelemahan pembeli dan memperkuat sinyal reversal bearish, berbeda dengan anggapan keliru bahwa volume harus selalu meningkat."
191,Chart Patterns,Seorang trader melihat Double Top dengan neckline miring ke atas. Yang perlu diperhatikan dalam validasi pola ini adalah…,Neckline miring ke atas membatalkan pola Double Top,Breakout dianggap sah jika harga menembus garis tren yang menghubungkan lembah terendah,Hanya Double Top dengan neckline horizontal yang valid,Neckline miring ke atas mengubah pola menjadi ascending triangle,B,"Ini jebakan karena Double Top tetap valid dengan neckline miring (naik atau turun), yang penting adalah penembusan garis yang menghubungkan lembah di antara kedua puncak, bukan harus horizontal."
192,Chart Patterns,"Jika harga setelah membentuk Double Top gagal menembus neckline tetapi kemudian bergerak sideways di atas neckline selama lebih dari 20% durasi pembentukan pola, maka pola tersebut kemungkinan besar akan…",Tetap menjadi reversal setelah konsolidasi,Berubah menjadi pola continuation (flag atau pennant),Membatalkan sinyal bearish dan berpotensi naik lebih tinggi,Membutuhkan volume ekstrem untuk keluar dari sideways,C,"Ini jebakan tingkat tinggi karena ketika harga tidak mampu menembus neckline setelah membentuk dua puncak dan malah berkonsolidasi di atas neckline dalam waktu lama, sinyal bearish melemah dan pasar cenderung melanjutkan tren naik, membatalkan potensi reversal."
193,Chart Patterns,Perbedaan kritis antara Double Bottom yang sukses dan Double Bottom yang gagal terletak pada…,Kedalaman lembah kedua harus lebih dalam dari lembah pertama,Konfirmasi volume saat penembusan neckline dan retest support lama,Jarak antar lembah minimal 4 minggu untuk validitas,Harga harus ditutup di atas neckline pada hari yang sama,B,"Double Bottom sukses memerlukan volume yang meningkat saat breakout neckline dan seringkali disertai retest yang berhasil (neckline menjadi support), sedangkan kegagalan terjadi jika retest menembus kembali ke bawah neckline tanpa volume."
194,Chart Patterns,"Dalam Double Bottom, jika lembah kedua terbentuk dengan volume yang lebih rendah daripada lembah pertama, hal ini menandakan…",Pelemahan tekanan jual dan konfirmasi reversal bullish,Pola tidak valid karena volume harus naik di lembah kedua,Kekuatan penjual masih dominan dan pola akan gagal,Dibutuhkan lembah ketiga untuk membentuk triple bottom,A,"Ini jebakan karena volume yang lebih rendah pada lembah kedua mengindikasikan bahwa penjual kehabisan tenaga (exhaustion), bukan kelemahan pola, sehingga justru memperkuat sinyal pembalikan bullish."
195,Chart Patterns,Target harga minimum untuk Double Bottom dihitung dengan…,Menambahkan tinggi pola (dari lembah ke neckline) ke titik breakout neckline,Mengurangi tinggi pola dari lembah pertama,"Mengalikan jarak antar lembah dengan 1,618",Menggunakan rata-rata tinggi kedua lembah,A,"Target dihitung dengan mengukur jarak dari lembah terendah ke garis leher (neckline), lalu menambahkan jarak yang sama ke atas dari titik breakout neckline, bukan dari lembah ke lembah."
196,Chart Patterns,"Seorang trader menemukan Double Bottom pada grafik 4 jam setelah downtrend tajam. Namun, breakout neckline terjadi dengan volume sangat rendah. Tindakan paling bijak adalah…",Langsung entry buy karena pola sudah terbentuk,Menambah posisi karena volume rendah berarti sedikit lawan,Menunggu konfirmasi tambahan seperti retest atau peningkatan volume,Menganggap pola sebagai false breakout dan entry sell,C,Volume rendah pada breakout Double Bottom adalah red flag; trader expert akan menunggu konfirmasi tambahan seperti retest neckline yang berhasil atau lonjakan volume pada penutupan di atas neckline untuk menghindari false breakout.
197,Chart Patterns,"Jika Double Bottom terbentuk tetapi lembah kedua lebih rendah daripada lembah pertama (lower low), maka pola tersebut sebenarnya adalah…",Double Bottom yang lebih kuat karena seller exhausted,Tidak dapat disebut Double Bottom karena harus higher low,Triple Bottom tahap awal,Pola Head and Shoulders bottom,B,"Syarat mutlak Double Bottom adalah lembah kedua harus lebih tinggi (higher low) daripada lembah pertama; jika lebih rendah, pola tersebut bukan Double Bottom melainkan bagian dari downtrend berkelanjutan atau pola lain."
198,Chart Patterns,"Dalam konteks Double Bottom, istilah ""kupu-kupu"" (butterfly) sering merujuk pada…",Pola dengan neckline berbentuk V,Double Bottom yang gagal dan berubah menjadi continuation,Double Bottom dengan lembah kedua yang lebih dalam lalu naik tajam melebihi neckline,Variasi di mana harga setelah breakout naik lalu turun kembali ke neckline sebelum melanjutkan,D,"Ini jebakan tingkat tinggi karena trader profesional menyebut ""butterfly"" atau ""kissing"" sebagai aksi harga setelah breakout yang kembali menyentuh neckline (retest) lalu memantul, bukan pola yang gagal."
199,Chart Patterns,Perbedaan mendasar antara Triple Top dan Double Top dalam hal validitas reversal adalah…,"Triple Top membutuhkan tiga puncak dengan tinggi sama, Double Top tidak",Triple Top lebih jarang terjadi tetapi sinyal reversalnya lebih kuat,Triple Top tidak memerlukan konfirmasi volume,Double Top memiliki target lebih akurat daripada Triple Top,B,"Triple Top adalah pola yang lebih langka namun memberikan sinyal pembalikan bearish yang lebih kuat karena menunjukkan tiga kali kegagalan menembus resistance, menandakan exhaustion pembeli yang lebih ekstrem."
200,Chart Patterns,"Seorang trader melihat Triple Top dengan puncak pertama tertinggi, puncak kedua sedikit lebih rendah, puncak ketiga sama dengan puncak kedua. Pola ini tetap valid sebagai Triple Top karena…","Tinggi puncak tidak harus identik, yang penting resistance levelnya sama",Puncak kedua dan ketiga harus lebih rendah dari puncak pertama,Hanya puncak pertama yang menentukan neckline,Triple Top membutuhkan puncak yang semakin menurun,A,"Dalam Triple Top, yang terpenting adalah ketiga puncak gagal menembus level resistance yang kurang lebih sama, meskipun tingginya tidak persis identik; perbedaan kecil masih dapat diterima."
201,Chart Patterns,Volume pada Triple Top yang ideal untuk konfirmasi reversal bearish adalah…,Volume meningkat pada setiap puncak,Volume menurun pada puncak kedua dan ketiga dibanding puncak pertama,Volume tertinggi pada puncak ketiga,Volume acak tidak berpengaruh,B,"Pola Triple Top yang valid biasanya menunjukkan volume yang semakin menurun pada puncak kedua dan ketiga, menandakan melemahnya minat beli dan meningkatnya tekanan jual."
202,Chart Patterns,"Jika setelah membentuk Triple Top, harga menembus neckline namun kemudian kembali naik melewati puncak ketiga, maka pola tersebut…",Berubah menjadi pola continuation bullish,Disebut sebagai Triple Top yang terkonfirmasi,Memerlukan konfirmasi tambahan selama 3 periode,Tidak pernah terjadi dalam analisis teknikal,A,"Ini adalah skenario gagal (failed) di mana Triple Top batal sebagai reversal dan harga melanjutkan tren naik, sehingga pola berfungsi sebagai konsolidasi sebelum kelanjutan bullish."
203,Chart Patterns,Garis leher (neckline) pada Triple Top sejatinya dibentuk dengan menghubungkan…,"Titik terendah antara puncak pertama dan kedua, lalu antara kedua dan ketiga",Harga penutupan terendah dari setiap lembah,Titik terendah dari dua lembah terendah di antara ketiga puncak,Rata-rata dari ketiga lembah,C,"Neckline Triple Top ditarik dengan menghubungkan titik terendah (lembah) di antara puncak-puncak tersebut, biasanya menggunakan dua lembah terendah yang membentuk level support horizontal atau miring."
204,Chart Patterns,"Dalam trading Triple Top, kesalahan umum yang dilakukan pemula adalah…",Entry short tepat saat harga menyentuh puncak ketiga,Menunggu konfirmasi penembusan neckline,Menggunakan stop loss di atas puncak tertinggi,Memasang target berdasarkan tinggi pola,A,Entry di puncak ketiga sebelum harga turun dan menembus neckline sangat berisiko karena harga masih bisa berbalik naik lagi; trader profesional menunggu penembusan neckline dengan volume untuk konfirmasi reversal.
205,Chart Patterns,Sinyal reversal bullish dari Triple Bottom dianggap paling kuat ketika…,Ketiga lembah memiliki volume yang sama tinggi,Lembah ketiga terbentuk dengan volume lebih rendah dari lembah pertama dan kedua,Volume tertinggi terjadi pada lembah pertama,Volume terus meningkat dari lembah pertama hingga ketiga,B,"Triple Bottom paling kuat ketika volume pada lembah ketiga lebih rendah (exhaustion penjual) diikuti lonjakan volume saat breakout neckline, menunjukkan tekanan jual yang habis."
206,Chart Patterns,"Jika lembah kedua pada Triple Bottom lebih rendah dari lembah pertama, maka pola tersebut…",Tetap valid sebagai Triple Bottom,Tidak valid dan kemungkinan menjadi Double Bottom,Berubah menjadi pola Head and Shoulders bottom,Memerlukan lembah keempat untuk konfirmasi,C,"Jika lembah kedua lebih rendah dari lembah pertama, pola tersebut lebih mirip dengan Inverse Head and Shoulders (kepala di tengah lebih rendah), bukan Triple Bottom yang mensyaratkan lembah relatif sejajar."
207,Chart Patterns,Target kenaikan harga setelah breakout Triple Bottom dihitung dengan…,Menambahkan jarak dari lembah terendah ke neckline ke titik breakout,Mengalikan jarak antar lembah dengan dua,Menggunakan rata-rata ketiga lembah ditambah neckline,Tidak ada target spesifik karena pola ini hanya indikasi,A,"Sama seperti Double Bottom, target dihitung dengan mengukur tinggi pola (dari lembah terendah ke garis leher) dan memproyeksikannya ke atas dari titik breakout neckline."
208,Chart Patterns,"Seorang trader menemukan pola yang tampak seperti Triple Bottom, tetapi harga setelah breakout naik sedikit lalu turun kembali melewati neckline. Kondisi ini disebut…",Triple Bottom yang sukses dengan retest,False breakout yang membatalkan pola,Konsolidasi sebelum kelanjutan bullish,Pola Triple Bottom yang membutuhkan konfirmasi volume,B,"Jika setelah breakout harga turun kembali menembus neckline ke bawah, maka breakout dianggap palsu (false breakout) dan pola Triple Bottom dinyatakan gagal."
209,Chart Patterns,"Dalam Triple Bottom, waktu pembentukan antar lembah yang ideal untuk menghindari pola yang tidak berarti adalah…",Kurang dari 1 minggu,Antara 1 hingga 3 minggu,Lebih dari 3 minggu tetapi kurang dari 2 bulan,Tidak ada batasan waktu,C,"Triple Bottom yang terlalu pendek (kurang dari 3 minggu) seringkali hanya fluktuasi biasa, sementara pembentukan antara 3 minggu hingga 2 bulan memberikan signifikansi yang lebih baik."
210,Chart Patterns,Salah satu perbedaan teknis antara Triple Bottom dan pola konsolidasi horizontal (rectangle) adalah…,"Triple Bottom memiliki neckline miring, rectangle horizontal","Triple Bottom memiliki lembah yang jelas dengan tren turun sebelumnya, rectangle tanpa tren sebelumnya","Triple Bottom menggunakan volume, rectangle tidak",Triple Bottom terjadi hanya pada time frame harian,B,"Triple Bottom adalah pola reversal yang didahului oleh tren turun yang jelas, sedangkan rectangle bisa muncul tanpa tren sebelumnya (sideways) atau sebagai continuation."
211,Chart Patterns,Ciri khas Head & Shoulders top yang membedakannya dari triple top adalah…,Puncak tengah (kepala) lebih tinggi dari kedua bahu,Volume tertinggi pada bahu kanan,Neckline selalu horizontal,Semua puncak memiliki tinggi yang sama,A,"Head & Shoulders memiliki kepala (puncak tengah) yang secara signifikan lebih tinggi daripada bahu kiri dan kanan, sementara triple top memiliki tiga puncak dengan ketinggian kurang lebih sama."
212,Chart Patterns,"Dalam H&S top, volume yang ideal untuk mengonfirmasi reversal adalah…","Volume tertinggi pada bahu kiri, menurun pada kepala, dan lebih rendah pada bahu kanan",Volume meningkat terus dari bahu kiri hingga bahu kanan,Volume tertinggi pada kepala,Volume tidak berperan dalam H&S,A,"Volume yang khas pada H&S top adalah volume tertinggi pada bahu kiri (akumulasi), volume lebih rendah pada kepala (puncak antusiasme), dan volume terendah pada bahu kanan (exhaustion) sebelum breakout."
213,Chart Patterns,"Jika setelah penembusan neckline H&S top, harga turun lalu kembali naik menyentuh neckline tanpa menembusnya ke atas, aksi ini disebut…",Retest yang mengonfirmasi reversal,Failure swing,Bull trap,Pola H&S yang gagal,A,"Retest atau pullback ke neckline setelah breakout adalah hal normal dan justru mengonfirmasi validitas reversal, asalkan neckline bertahan sebagai resistance."
214,Chart Patterns,Target penurunan minimum untuk H&S top dihitung dengan…,Mengurangi jarak vertikal dari kepala ke neckline dari titik breakout,Menambahkan jarak dari kepala ke neckline ke titik breakout,Mengukur jarak dari bahu kiri ke bahu kanan,Menggunakan Fibonacci 61.8% dari tinggi kepala,A,"Target dihitung dengan mengukur jarak dari puncak kepala ke garis leher (neckline) secara vertikal, lalu memproyeksikan jarak yang sama ke bawah dari titik breakout neckline."
215,Chart Patterns,H&S top yang terjadi pada time frame bulanan dengan neckline yang sangat landai (hampir horizontal) dianggap…,Kurang valid karena neckline terlalu landai,Lebih kuat daripada neckline curam,Tidak dapat diproyeksikan targetnya,Sama validnya dengan neckline curam,B,Neckline yang landai (hampir horizontal) pada H&S top umumnya menghasilkan sinyal reversal yang lebih kuat karena menunjukkan level support yang konsisten dan lebih sulit ditembus.
216,Chart Patterns,"Seorang trader melihat H&S top dengan bahu kanan yang terbentuk lebih rendah daripada bahu kiri, namun harga setelah breakout neckline hanya turun sedikit lalu berbalik naik melampaui kepala. Peristiwa ini dikenal sebagai…",H&S yang sukses dengan target terpenuhi,Pola H&S yang berubah menjadi diamond top,Failed H&S yang berpotensi menjadi double top,Konfirmasi volume yang kurang,C,"Jika setelah breakout harga berbalik naik melebihi kepala, maka H&S top dinyatakan gagal (failed) dan sering berubah menjadi pola double top atau konsolidasi lanjutan."
217,Chart Patterns,Perbedaan volume yang khas antara IH&S dan H&S top adalah…,Volume tertinggi pada kepala (tengah) untuk IH&S,"Volume terendah pada bahu kiri, tertinggi pada breakout",Volume meningkat pada bahu kanan dan melonjak saat breakout neckline,Volume tidak berbeda signifikan,C,"Pada IH&S, volume idealnya meningkat dari bahu kiri ke kepala (rendah), lalu ke bahu kanan (lebih tinggi), dan melonjak drastis saat breakout neckline ke atas."
218,Chart Patterns,"Jika neckline pada IH&S miring ke bawah (descending neckline), maka…",Pola menjadi kurang valid karena harus horizontal,Sinyal reversal bullish lebih kuat karena menunjukkan tekanan jual yang makin lemah,Target harga lebih sulit dihitung,Pola berubah menjadi falling wedge,B,"Neckline yang miring ke bawah pada IH&S justru menunjukkan bahwa level resistance semakin menurun, mengindikasikan pelemahan penjual dan memperkuat potensi breakout bullish."
219,Chart Patterns,"Setelah breakout IH&S, harga sering kali melakukan pullback ke neckline. Jika pullback tersebut berhasil bertahan di atas neckline, maka…",Pola dinyatakan gagal,Konfirmasi tambahan untuk posisi beli,Target harga harus disesuaikan,Volume harus diabaikan,B,Pullback yang berhasil mempertahankan neckline sebagai support adalah konfirmasi lanjutan (confirmation) yang memberikan peluang entry kedua dengan risiko lebih rendah.
220,Chart Patterns,Target kenaikan untuk IH&S dihitung dengan memproyeksikan…,Jarak dari kepala ke neckline dari titik breakout neckline,Jarak dari bahu kiri ke bahu kanan,Rata-rata kedalaman kepala dan bahu,Jarak dari lembah kepala ke puncak bahu kanan,A,"Sama seperti H&S, target dihitung dengan mengukur jarak vertikal dari lembah terdalam (kepala) ke neckline, lalu ditambahkan ke titik breakout neckline."
221,Chart Patterns,"Seorang trader menemukan IH&S pada grafik mingguan saham X. Namun, volume saat breakout neckline tidak meningkat secara signifikan. Kemungkinan yang akan terjadi adalah…",Breakout tetap valid karena IH&S tidak memerlukan volume,Harga akan mengalami false breakout dan turun kembali,Diperlukan konfirmasi dari indikator RSI,Breakout akan sukses tetapi dengan pergerakan lambat,B,"Kurangnya volume pada breakout IH&S adalah peringatan kuat akan false breakout, karena partisipasi pasar diperlukan untuk mendorong harga secara berkelanjutan."
222,Chart Patterns,Manakah pernyataan yang BENAR mengenai hubungan IH&S dengan teori Dow?,IH&S melanggar prinsip tren persisten,IH&S membutuhkan konfirmasi dari indeks lain menurut Dow Theory,IH&S tidak relevan dengan Dow Theory,IH&S hanya berlaku untuk saham individual,B,"Menurut Dow Theory, sinyal reversal seperti IH&S harus dikonfirmasi oleh pergerakan indeks atau sektor terkait untuk meningkatkan validitas sinyal, bukan hanya pada satu instrumen."
223,Support & Resistance,"Seorang trader melihat harga saham menembus level resistance horizontal Rp10.000 dengan volume tinggi, lalu harga naik ke Rp10.500. Kemudian harga turun kembali menyentuh Rp10.000 tanpa menembusnya. Menurut prinsip role reversal, level Rp10.000 sekarang berfungsi sebagai…",Resistance baru yang lebih kuat dari sebelumnya,Support yang valid karena konfirmasi retest,Level netral yang tidak memiliki arti,Breakout gagal karena harga kembali ke level awal,B,"Prinsip role reversal menyatakan bahwa level resistance yang ditembus secara meyakinkan akan berubah fungsi menjadi support, dan retest yang berhasil bertahan di atasnya mengonfirmasi perubahan fungsi tersebut, bukan sebagai breakout gagal."
224,Support & Resistance,"Dalam uptrend yang kuat, harga beberapa kali menyentuh trendline naik (dynamic support) tetapi kemudian bergerak turun tajam menembus trendline tersebut dengan volume rendah. Kondisi ini paling tepat diartikan sebagai…",Konfirmasi pembalikan tren bearish,False breakdown karena volume rendah,Pelemahan sementara yang masih dalam tren naik,Konfirmasi bahwa trendline tidak relevan,C,"Penembusan trendline support dinamis dengan volume rendah seringkali merupakan koreksi sementara (false breakdown) dan belum mengonfirmasi pembalikan tren, terutama jika harga masih berada di atas swing low sebelumnya."
225,Support & Resistance,"Seorang trader menggunakan EMA 200 sebagai dynamic resistance pada grafik harian. Harga berhasil menembus EMA 200 ke atas dengan volume tinggi, lalu beberapa hari kemudian turun kembali ke bawah EMA 200. Tindakan yang paling tepat adalah…",Menganggap breakout gagal dan membuka posisi jual,Menunggu konfirmasi retest EMA 200 sebagai support,Membeli karena EMA 200 sudah tertembus,Mengabaikan EMA 200 karena indikator lagging,A,"Ketika harga menembus dynamic resistance lalu kembali jatuh di bawahnya tanpa retest yang sukses, itu adalah sinyal false breakout, dan EMA 200 kembali berfungsi sebagai resistance, sehingga posisi jual lebih tepat."
226,Support & Resistance,"Saham dengan harga Rp49.900 bergerak naik ke Rp50.000 lalu turun kembali ke Rp49.800, kemudian naik lagi ke Rp50.000 dan turun lagi. Level Rp50.000 dalam skenario ini paling mungkin berfungsi sebagai…",Support psikologis,Resistance psikologis,Level netral tanpa makna,Breakout yang sedang terjadi,B,"Angka bulat seperti Rp50.000 adalah psychological level di mana banyak pelaku pasar cenderung menjual (take profit atau short), sehingga harga berulang kali tertahan di level tersebut, menjadikannya resistance psikologis."
227,Support & Resistance,"Sebuah level support horizontal telah disentuh harga sebanyak 5 kali dalam 3 bulan tanpa berhasil ditembus. Pada sentuhan keenam, harga menembus support dengan volume sedang. Analis yang berpengalaman akan menyimpulkan…",Support semakin kuat karena sering diuji,Penembusan tetap valid meskipun volume sedang,Penembusan mungkin palsu karena support yang sering diuji cenderung melemah,Diperlukan volume sangat tinggi untuk konfirmasi,C,"Setiap kali support diuji, level tersebut melemah karena akumulasi tekanan jual; setelah diuji terlalu sering (misal >4 kali), penembusan dengan volume sedang pun bisa valid karena support sudah jenuh."
228,Support & Resistance,"Harga sebuah aset telah berkonsolidasi di antara support Rp9.000 dan resistance Rp10.000 selama 2 bulan. Tiba-tiba harga menembus resistance Rp10.000 dengan volume besar, lalu keesokan harinya harga kembali ke Rp9.900. Menurut analisis breakout yang benar, ini adalah…",Breakout sukses karena volume besar,False breakout karena harga gagal bertahan di atas resistance,Retest normal sebelum kelanjutan breakout,Breakdown yang salah identifikasi,B,"Breakout yang valid mensyaratkan harga menutup di atas resistance (bukan hanya intraday) dan idealnya bertahan setidaknya 2-3 hari; jika langsung kembali ke bawah, itu false breakout meskipun volume sempat besar."
229,Support & Resistance,"Seorang trader menemukan bahwa level Rp15.000 bertepatan dengan Fibonacci retracement 61,8%, MA 200, dan bekas resistance historis. Namun volume saat harga menyentuh level tersebut rendah. Strategi terbaik adalah…",Segera entry karena confluence level sangat kuat,Entry dengan stop loss ketat karena confluence mengalahkan volume,Menunggu konfirmasi volume atau pola candlestick,Entry hanya jika menggunakan order limit,C,"Confluence level memang memperkuat area support/resistance, tetapi tanpa konfirmasi volume atau aksi harga (misal reversal candle), entry terlalu dini berisiko tinggi; menunggu bukti tambahan adalah tindakan bijak."
230,Support & Resistance,Seorang trader membeli di dekat support horizontal Rp20.000 dengan stop loss di Rp19.900 (10 poin di bawah support). Namun support tersebut sering memiliki shadow bawah hingga Rp19.950. Kesalahan paling fatal dari penempatan stop loss ini adalah…,Stop loss terlalu lebar dari support,Stop loss terlalu sempit (tidak memberi ruang untuk noise pasar),Stop loss seharusnya di atas support,Stop loss tidak perlu karena support kuat,B,"Support sering memiliki fluktuasi kecil (shadow/wick) yang menembus level support sementara; stop loss yang terlalu dekat (hanya 10 poin dari support dengan shadow hingga 50 poin) akan terkena oleh noise pasar, menyebabkan kerugian yang tidak perlu."
231,Support & Resistance,"Dalam downtrend, seorang trader menggambar trendline resistance yang menghubungkan dua lower high. Harga kemudian menyentuh trendline tersebut untuk ketiga kalinya, tetapi gagal menembus. Pada sentuhan keempat, harga berhasil menembus dengan volume tinggi. Ini menandakan…",Downtrend semakin kuat,Konfirmasi pembalikan tren naik (bullish),Trendline tidak valid karena terlalu sering disentuh,Masih dalam downtrend karena belum membentuk higher high,B,"Penembusan trendline resistance dengan volume tinggi setelah beberapa kali gagal adalah sinyal awal reversal bullish, terutama jika disertai dengan perubahan struktur higher high/higher low, meskipun konfirmasi lebih lanjut masih diperlukan."
232,Support & Resistance,"Harga saham menembus level support Rp30.000 dengan volume tinggi dan turun hingga Rp28.000. Kemudian harga naik kembali ke Rp30.000. Menurut prinsip support-resistance flip, level Rp30.000 sekarang seharusnya berperan sebagai…",Support baru setelah retest,Resistance karena peran telah berbalik,Level yang tidak penting lagi,Area akumulasi,B,"Ketika support ditembus secara meyakinkan, perannya berbalik menjadi resistance; oleh karena itu ketika harga naik kembali menyentuh level tersebut, ia akan bertindak sebagai penghalang (resistance) yang menahan kenaikan lebih lanjut."
233,Technical Indicators,"Seorang trader melihat ADX menunjukkan angka 32 pada saham XYZ, sementara harga sedang membentuk lower high dan lower low. Pernyataan yang paling tepat mengenai kondisi ini adalah…",Tren sedang lemah karena ADX di atas 25 hanya indikasi pasar ranging,Tren bearish yang kuat karena ADX >25 mengonfirmasi tren kuat tanpa memedulikan arah,"Tren bullish yang kuat karena ADX mengukur kekuatan terlepas dari arah, tetapi harus dikonfirmasi RSI",Tidak ada tren yang jelas karena ADX di atas 25 justru berarti pasar sideways,B,"ADX mengukur kekuatan tren (trend strength) secara absolut, bukan arah; nilai ADX >25 menandakan tren yang kuat, dan karena harga membentuk lower high/lower low, maka tren yang kuat tersebut adalah tren bearish, bukan bullish atau ranging."
234,Technical Indicators,"Dalam uptrend yang sangat kuat, RSI saham tetap berada di atas 70 selama 14 hari berturut-turut. Tindakan paling tepat berdasarkan prinsip strength analysis adalah…",Segera menjual karena overbought menjamin koreksi,Tetap bertahan dalam posisi beli karena tren kuat dapat mempertahankan RSI tinggi dalam jangka panjang,Membeli lebih banyak karena overbought menunjukkan kekuatan ekstrem,Menggunakan stop loss di bawah level terendah 14 hari,B,"Dalam tren yang sangat kuat (misal ditandai ADX >25), RSI dapat tetap di atas 70 untuk waktu lama tanpa koreksi signifikan; menjual hanya karena overbought adalah kesalahan umum karena momentum kuat dapat mengalahkan indikator osilator."
235,Technical Indicators,"Harga saham membuat higher high baru, tetapi RSI membentuk lower high. Divergence bearish ini mengindikasikan…",Harga akan segera berbalik turun pada candlestick berikutnya,"Pelemahan momentum di balik kenaikan, yang merupakan peringatan dini potensi pembalikan, tetapi tidak menjamin waktu segera",Konfirmasi bahwa tren naik masih sehat dan akan berlanjut,Kesalahan indikator karena RSI tidak boleh digunakan untuk divergence,B,"Divergence bearish menunjukkan hilangnya momentum di balik pergerakan harga (warning signal), namun waktu pembalikan tidak dapat dipastikan dan bisa terjadi setelah beberapa hari atau minggu, bukan seketika."
236,Technical Indicators,"Bollinger Bands pada grafik harian menunjukkan penyempitan pita (squeeze) yang sangat sempit selama dua minggu. Berdasarkan konsep volatility, pernyataan yang benar adalah…",Harga pasti akan breakout ke atas karena volatilitas rendah diikuti ekspansi,"Breakout yang terjadi dapat ke atas atau ke bawah, dan arahnya tidak dapat ditentukan hanya dari squeeze",Tidak akan terjadi breakout karena volatilitas rendah berarti pasar tenang,Harga akan terus sideways karena pita menyempit menandakan konsolidasi permanen,B,"Pita Bollinger yang menyempit mengindikasikan volatilitas rendah dan sering mendahului ledakan volatilitas (explosive breakout), tetapi arah breakout (naik atau turun) sama sekali tidak dapat diprediksi hanya dari squeeze itu sendiri."
237,Technical Indicators,Seorang trader menggunakan ATR harian sebesar Rp500 pada saham yang biasa bergerak Rp2.000 per hari. Tiba-tiba volatilitas meningkat dan ATR menjadi Rp1.500. Stop loss yang sebelumnya 1x ATR (Rp500) kini…,Tetap menggunakan Rp500 karena konsisten dengan rencana awal,Harus disesuaikan menjadi Rp1.500 (1x ATR baru) untuk mengakomodasi volatilitas yang lebih tinggi,Tidak perlu diubah karena ATR hanya indikator lagging,Diperkecil menjadi Rp250 karena volatilitas tinggi berarti risiko lebih besar,B,"ATR digunakan untuk menyesuaikan stop loss terhadap volatilitas pasar; ketika ATR naik, stop loss harus dilebarkan (misal tetap 1x atau 2x ATR baru) agar tidak terkena oleh fluktuasi normal yang lebih besar."
238,Technical Indicators,Harga melonjak tajam dengan lonjakan volume dan Bollinger Bands melebar sangat cepat. Namun RSI bergerak dari 65 menjadi 68 (hanya naik sedikit) sementara harga naik 10%. Skenario ini paling mungkin mengindikasikan…,Awal dari tren naik baru yang sangat kuat,"Puncak sementara (blow-off top) dengan momentum yang tidak mengikuti harga, berpotensi koreksi",Konfirmasi bullish karena volume dan volatilitas tinggi,Sideways market setelah lonjakan,B,"Kenaikan harga tajam dengan volatilitas tinggi (Bollinger melebar) tetapi momentum (RSI) tidak naik secara proporsional menunjukkan divergensi dan sering menjadi tanda blow-off top yang diikuti koreksi, bukan awal tren berkelanjutan."
239,Technical Indicators,"Dalam downtrend yang ditandai ADX 45, RSI saham turun hingga 22. Menurut prinsip strength, tindakan yang paling tepat adalah…",Membeli karena oversold menjamin reversal,Tetap menghindari posisi beli karena tren turun kuat (ADX tinggi) dapat membuat RSI tetap rendah dalam waktu lama,Menjual lebih banyak karena oversold menunjukkan kelemahan ekstrem,Menggunakan RSI periode lebih panjang untuk konfirmasi,B,"Dalam tren turun yang kuat (ADX >25), RSI bisa tetap di bawah 30 untuk waktu lama tanpa pembalikan berarti; membeli hanya karena oversold adalah kesalahan karena momentum bearish masih dominan."
240,Technical Indicators,Harga menyentuh upper band Bollinger sementara band sedang melebar (ekspansi volatilitas). Ini berarti…,Harga pasti akan turun karena overbought,"Upper band bertindak sebagai resistance dinamis, tetapi dalam tren kuat harga bisa ""berjalan di sepanjang band""",Sinyal jual yang akurat dan harus segera dieksekusi,Volatilitas akan segera menurun,B,"Menyentuh upper band di saat band melebar tidak selalu berarti overbought atau reversal; dalam tren kuat yang disertai ekspansi volatilitas, harga dapat terus bergerak di sepanjang upper band sebagai tanda momentum kuat."
241,Technical Indicators,"ADX saham menunjukkan nilai 18, dan RSI berada di 55. Volatilitas (ATR) rendah. Kondisi ini paling cocok untuk strategi…",Trend following (mengikuti tren),"Mean reversion atau range trading (jual di resistance, beli di support)",Breakout trading dengan stop loss lebar,Membeli karena RSI netral,B,"ADX di bawah 20 mengindikasikan tidak adanya tren (sideways/ ranging), sehingga strategi mean reversion (jual di resistance, beli di support) lebih cocok daripada trend following atau breakout."
242,Technical Indicators,"Harga membuat lower low tetapi RSI membuat higher low (bullish divergence), sementara Bollinger Bands sangat sempit (squeeze) dan ATR rendah. Skenario ini paling mungkin diikuti oleh…",Sideways berkelanjutan karena volatilitas rendah meniadakan sinyal divergence,"Breakout besar (naik atau turun) karena squeeze, tetapi divergence bullish meningkatkan probabilitas breakout ke atas",Penurunan harga lebih dalam karena lower low masih berlanjut,Konfirmasi bahwa divergence palsu karena RSI tidak cocok untuk kondisi low volatility,B,"Squeeze Bollinger (volatilitas rendah) menandakan potensi breakout eksplosif, dan adanya bullish divergence (harga lower low vs RSI higher low) meningkatkan kemungkinan arah breakout ke atas, meskipun tetap tidak 100% pasti."
243,Candlestick Patterns,"Seorang trader melihat Doji terbentuk setelah tren naik yang panjang disertai volume tinggi. Namun, candlestick berikutnya adalah Bullish Engulfing. Berdasarkan analisis candlestick, pernyataan paling tepat adalah…",Doji saja sudah cukup sebagai sinyal reversal bearish,"Doji menunjukkan indecision, tetapi konfirmasi dari candlestick berikutnya (Bullish Engulfing) membatalkan potensi reversal bearish",Doji dengan volume tinggi selalu berarti reversal pasti,Doji harus diikuti oleh gap untuk menjadi valid,B,"Doji mengindikasikan ketidakpastian pasar, tetapi sinyal reversal memerlukan konfirmasi dari candlestick berikutnya; munculnya Bullish Engulfing setelah Doji justru mengonfirmasi keberlanjutan tren naik, bukan pembalikan."
244,Candlestick Patterns,"Hammer terbentuk di dasar downtrend dengan lower wick dua kali panjang badan, tetapi badan candle berwarna merah (hitam). Apakah Hammer tetap valid sebagai sinyal bullish reversal?","Tidak, karena Hammer harus memiliki badan hijau (putih) untuk valid","Ya, yang terpenting adalah lokasi (dasar downtrend) dan bentuk (lower wick panjang, badan kecil), warna badan tidak membatalkan sinyal",Hanya jika volume meningkat drastis,"Tidak, karena Hammer merah menunjukkan tekanan jual masih dominan",B,"Hammer tetap valid sebagai sinyal bullish reversal meskipun badan berwarna merah, karena esensinya adalah penolakan terhadap harga rendah (lower wick panjang) setelah downtrend, terlepas dari warna badan."
245,Candlestick Patterns,"Shooting Star muncul di puncak uptrend dengan upper wick yang sangat panjang dan badan kecil di bagian bawah. Namun, shooting star tersebut diikuti oleh candlestick hijau (bullish) yang menutup di atas high shooting star. Ini berarti…",Shooting star tetap merupakan sinyal bearish reversal yang kuat,Konfirmasi gagal sehingga sinyal bearish dibatalkan dan tren naik kemungkinan berlanjut,Shooting star harus diabaikan karena tidak disertai volume,Diperlukan shooting star kedua untuk konfirmasi,B,"Candlestick pattern memerlukan konfirmasi; jika setelah shooting star harga bergerak naik melewati puncaknya, maka sinyal bearish dianggap gagal (failed signal) dan tren naik cenderung berlanjut."
246,Candlestick Patterns,"Pada grafik 1 jam, terjadi Bullish Engulfing di dekat level support utama. Namun, engulfing terjadi pada saat volume rendah dan pasar sedang dalam kondisi low volatility. Tindakan paling bijak adalah…",Segera entry beli karena Bullish Engulfing di support sangat kuat,Menunggu konfirmasi tambahan seperti volume atau indikator lain karena engulfing dengan volume rendah rentan false signal,Entry jual karena engulfing palsu di support,Mengabaikan volume karena pola engulfing tidak membutuhkan volume,B,Bullish Engulfing yang terjadi dengan volume rendah di area support kurang meyakinkan; trader expert akan menunggu konfirmasi volume yang meningkat atau aksi harga lanjutan untuk menghindari false reversal.
247,Candlestick Patterns,"Morning Star tiga-candle: candle merah panjang, kemudian candle kecil (doji atau spinning top) yang gap down, lalu candle hijau panjang. Namun, candle hijau panjang tersebut tidak menutup hingga setidaknya setengah dari tubuh candle merah pertama. Apakah pola ini tetap dianggap Morning Star yang valid?","Ya, asalkan ada gap antara candle kedua dan ketiga","Tidak, karena kriteria Morning Star mengharuskan candle ketiga menutup setidaknya di atas 50% tubuh candle pertama, idealnya seluruhnya",Tetap valid jika volume tinggi pada candle ketiga,Pola berubah menjadi Evening Star,B,"Morning Star yang valid memerlukan candle ketiga (hijau) untuk menutup setidaknya setengah dari tubuh candle merah pertama, idealnya lebih; jika tidak, sinyal bullish lemah dan tidak dapat diandalkan."
248,Candlestick Patterns,"Setelah uptrend panjang, terbentuk Evening Star: candle hijau panjang, candle kecil (doji) yang gap up, lalu candle merah panjang. Ternyata candle merah panjang menutup tepat di level tertinggi candle hijau pertama. Ini berarti…",Evening Star tetap bearish reversal karena candle ketiga menutup di bawah candle pertama,Sinyal bearish lemah karena belum menutup di bawah tubuh candle hijau pertama secara signifikan,Pola menjadi bullish continuation,Diperlukan gap antara candle kedua dan ketiga,B,"Evening star yang ideal memiliki candle ketiga yang menutup setidaknya di bawah titik tengah atau lebih rendah dari candle pertama; penutupan tepat di level tertinggi menunjukkan tekanan jual belum cukup kuat, sehingga sinyal reversal lemah."
249,Candlestick Patterns,"Three White Soldiers terbentuk dengan ketiga candle memiliki badan hijau panjang dan menutup di level tertinggi masing-masing. Namun, volume pada candle kedua dan ketiga justru lebih rendah daripada candle pertama. Menurut analisis lanjutan, ini mengindikasikan…",Pola sangat bullish karena konfirmasi harga,"Pelemahan momentum di balik kenaikan, sehingga potensi koreksi atau konsolidasi lebih tinggi",Volume tidak relevan untuk three white soldiers,Harus segera entry beli karena pola kuat,B,"Three white soldiers idealnya disertai volume yang meningkat atau setidaknya konsisten; volume yang menurun pada candle berikutnya menunjukkan melemahnya minat beli, sehingga tren naik mungkin tidak berkelanjutan."
250,Candlestick Patterns,Three Black Crows muncul setelah downtrend yang sudah berlangsung cukup lama. Apakah pola ini tetap dianggap sebagai sinyal bearish continuation?,"Ya, karena Three Black Crows selalu berarti bearish continuation","Tidak, karena setelah downtrend panjang, Three Black Crows bisa menjadi exhaustion pattern (kehabisan tenaga) dan justru mendahului reversal bullish",Hanya jika volume meningkat,Three Black Crows tidak valid setelah downtrend,B,"Konteks sangat penting; Three Black Crows setelah downtrend yang panjang mungkin mencerminkan panic selling atau exhaustion, sehingga berpotensi menjadi sinyal reversal (bullish) daripada kelanjutan bearish, berbeda dengan jika muncul di awal downtrend."